Workbook

Sheet Sheet1
A1: Run Type | B1: Data Type | C1: Model | D1: Acc_mean | E1: Acc_std | F1: F1_mean | G1: F1_std | H1: Prec_mean | I1: Prec_std | J1: Rec_mean | K1: Rec_std
A2: Agg | B2: Raw | C2: XGBoost | D2: 0.58179217 | E2: 0.19825034 | F2: 0.31598776 | G2: 0.29705813 | H2: 0.41345515 | I2: 0.40477034 | J2: 0.35326689 | K2: 0.37063177
A3: Agg | B3: Raw | C3: Random Forest | D3: 0.58480066 | E3: 0.23329011 | F3: 0.28344408 | G3: 0.2987585 | H3: 0.40271318 | I3: 0.43354095 | J3: 0.27959579 | K3: 0.33266451
A4: Agg | B4: Raw | C4: KNN | D4: 0.58143226 | E4: 0.21387297 | F4: 0.17906977 | G4: 0.23144256 | H4: 0.30232558 | I4: 0.40067097 | J4: 0.16561462 | K4: 0.25536074
A5: Agg | B5: Raw | C5: SVM | D5: 0.55799188 | E5: 0.21608948 | F5: 0.13464881 | G5: 0.23077304 | H5: 0.24108527 | I5: 0.40384695 | J5: 0.13380399 | K5: 0.26780898
A6: Agg | B6: Raw + VG | C6: XGBoost | D6: 0.57668882 | E6: 0.16441899 | F6: 0.29363066 | G6: 0.27395148 | H6: 0.43062016 | I6: 0.41384206 | J6: 0.29858804 | K6: 0.32348581
A7: Agg | B7: Raw + VG | C7: Random Forest | D7: 0.58877815 | E7: 0.22350691 | F7: 0.2430652 | G7: 0.29586165 | H7: 0.36899225 | I7: 0.43629846 | J7: 0.22026578 | K7: 0.30410437
A8: Agg | B8: Raw + VG | C8: SVM | D8: 0.58392396 | E8: 0.21259735 | F8: 0.18115541 | G8: 0.23660807 | H8: 0.31550388 | I8: 0.40877638 | J8: 0.16835548 | K8: 0.26097846
A9: Agg | B9: Raw + VG | C9: KNN | D9: 0.56620524 | E9: 0.23593805 | F9: 0.17705795 | G9: 0.223208 | H9: 0.35542636 | I9: 0.44542928 | J9: 0.15456811 | K9: 0.2259804
A10: Win | B10: Raw + VG | C10: Random Forest | D10: 0.62126174 | E10: 0.22486412 | F10: 0.16491644 | G10: 0.22777012 | H10: 0.26151951 | I10: 0.36306777 | J10: 0.21666641 | K10: 0.33576913
A11: Win | B11: Raw + VG | C11: XGBoost | D11: 0.61295232 | E11: 0.2508402 | F11: 0.15690725 | G11: 0.21561464 | H11: 0.21244095 | I11: 0.31708341 | J11: 0.20250463 | K11: 0.30879017
A12: Win | B12: Raw + VG | C12: KNN | D12: 0.62957252 | E12: 0.22218407 | F12: 0.12053211 | G12: 0.15169011 | H12: 0.21377976 | I12: 0.28419161 | J12: 0.13961806 | K12: 0.2478013
A13: Win | B13: Raw + VG | C13: SVM | D13: 0.64887074 | E13: 0.23982777 | F13: 0.1101709 | G13: 0.15171805 | H13: 0.25293466 | I13: 0.36422766 | J13: 0.11591771 | K13: 0.22357021
... A25: Win | B25: VG | C25: SVM | D25: 0.62712826 | E25: 0.21433473 | F25: 0.12594731 | G25: 0.14743573 | H25: 0.24285714 | I25: 0.32213239 | J25: 0.11349961 | K25: 0.15114616

Sheet Sheet2
D1: Raw | E1: Raw | F1: Raw | G1: Raw | H1: VG | I1: VG | J1: VG | K1: VG | L1: Raw + VG | M1: Raw + VG | N1: Raw + VG | O1: Raw + VG
B2: Run Mode | C2: Input Mode | D2: Raw Features | H2: Visibility Graph Features | L2: Raw + Visibility Graph Features
C3: Model Name | D3: Accuracy (±std) | E3: F1 Score (±std) | F3: Precision (±std) | G3: Recall (±std) | H3: Accuracy (±std) | I3: F1 Score (±std) | J3: Precision (±std) | K3: Recall (±std) | L3: Accuracy (±std) | M3: F1 Score (±std) | N3: Precision (±std) | O3: Recall (±std)
A4: Win | B4: Windowed | C4: SVM | D4: =TEXT(ROUND(SUMIFS(Sheet1!$D:$D,Sheet1!$C:$C,$C4,Sheet1!$B:$B,D$1,Sheet1!$A:$A,$A4)*100,4),"0.0000") & " ± " & TEXT(ROUND(SUMIFS(Sheet1!$E:$E,Sheet1!$C:$C,$C4,Sheet1!$B:$B,D$1,Sheet1!$A:$A,$A4)*100,2),"0.00") -> 65.0710 ± 21.17 | E4: =TEXT(ROUND(SUMIFS(Sheet1!$F:$F,Sheet1!$C:$C,$C4,Sheet1!$B:$B,E$1,Sheet1!$A:$A,$A4)*100,4),"0.0000") & " ± " & TEXT(ROUND(SUMIFS(Sheet1!$G:$G,Sheet1!$C:$C,$C4,Sheet1!$B:$B,E$1,Sheet1!$A:$A,$A4)*100,2),"0.00") -> 16.1890 ± 21.45 | F4: =TEXT(ROUND(SUMIFS(Sheet1!$H:$H,Sheet1!$C:$C,$C4,Sheet1!$B:$B,F$1,Sheet1!$A:$A,$A4)*100,4),"0.0000") & " ± " & TEXT(ROUND(SUMIFS(Sheet1!$I:$I,Sheet1!$C:$C,$C4,Sheet1!$B:$B,F$1,Sheet1!$A:$A,$A4)*100,2),"0.00") -> 30.7975 ± 37.96 | G4: =TEXT(ROUND(SUMIFS(Sheet1!$J:$J,Sheet1!$C:$C,$C4,Sheet1!$B:$B,G$1,Sheet1!$A:$A,$A4)*100,4),"0.0000") & " ± " & TEXT(ROUND(SUMIFS(Sheet1!$K:$K,Sheet1!$C:$C,$C4,Sheet1!$B:$B,G$1,Sheet1!$A:$A,$A4)*100,2),"0.00") -> 15.9910 ± 26.06 | H4: =TEXT(ROUND(SUMIFS(Sheet1!$D:$D,Sheet1!$C:$C,$C4,Sheet1!$B:$B,H$1,Sheet1!$A:$A,$A4)*100,4),"0.0000") & " ± " & TEXT(ROUND(SUMIFS(Sheet1!$E:$E,Sheet1!$C:$C,$C4,Sheet1!$B:$B,H$1,Sheet1!$A:$A,$A4)*100,2),"0.00") -> 62.7128 ± 21.43 | I4: =TEXT(ROUND(SUMIFS(Sheet1!$F:$F,Sheet1!$C:$C,$C4,Sheet1!$B:$B,I$1,Sheet1!$A:$A,$A4)*100,4),"0.0000") & " ± " & TEXT(ROUND(SUMIFS(Sheet1!$G:$G,Sheet1!$C:$C,$C4,Sheet1!$B:$B,I$1,Sheet1!$A:$A,$A4)*100,2),"0.00") -> 12.5947 ± 14.74 | J4: =TEXT(ROUND(SUMIFS(Sheet1!$H:$H,Sheet1!$C:$C,$C4,Sheet1!$B:$B,J$1,Sheet1!$A:$A,$A4)*100,4),"0.0000") & " ± " & TEXT(ROUND(SUMIFS(Sheet1!$I:$I,Sheet1!$C:$C,$C4,Sheet1!$B:$B,J$1,Sheet1!$A:$A,$A4)*100,2),"0.00") -> 24.2857 ± 32.21 | K4: =TEXT(ROUND(SUMIFS(Sheet1!$J:$J,Sheet1!$C:$C,$C4,Sheet1!$B:$B,K$1,Sheet1!$A:$A,$A4)*100,4),"0.0000") & " ± " & TEXT(ROUND(SUMIFS(Sheet1!$K:$K,Sheet1!$C:$C,$C4,Sheet1!$B:$B,K$1,Sheet1!$A:$A,$A4)*100,2),"0.00") -> 11.3500 ± 15.11 | L4: =TEXT(ROUND(SUMIFS(Sheet1!$D:$D,Sheet1!$C:$C,$C4,Sheet1!$B:$B,L$1,Sheet1!$A:$A,$A4)*100,4),"0.0000") & " ± " & TEXT(ROUND(SUMIFS(Sheet1!$E:$E,Sheet1!$C:$C,$C4,Sheet1!$B:$B,L$1,Sheet1!$A:$A,$A4)*100,2),"0.00") -> 64.8871 ± 23.98 | M4: =TEXT(ROUND(SUMIFS(Sheet1!$F:$F,Sheet1!$C:$C,$C4,Sheet1!$B:$B,M$1,Sheet1!$A:$A,$A4)*100,4),"0.0000") & " ± " & TEXT(ROUND(SUMIFS(Sheet1!$G:$G,Sheet1!$C:$C,$C4,Sheet1!$B:$B,M$1,Sheet1!$A:$A,$A4)*100,2),"0.00") -> 11.0171 ± 15.17 | N4: =TEXT(ROUND(SUMIFS(Sheet1!$H:$H,Sheet1!$C:$C,$C4,Sheet1!$B:$B,N$1,Sheet1!$A:$A,$A4)*100,4),"0.0000") & " ± " & TEXT(ROUND(SUMIFS(Sheet1!$I:$I,Sheet1!$C:$C,$C4,Sheet1!$B:$B,N$1,Sheet1!$A:$A,$A4)*100,2),"0.00") -> 25.2935 ± 36.42 | O4: =TEXT(ROUND(SUMIFS(Sheet1!$J:$J,Sheet1!$C:$C,$C4,Sheet1!$B:$B,O$1,Sheet1!$A:$A,$A4)*100,4),"0.0000") & " ± " & TEXT(ROUND(SUMIFS(Sheet1!$K:$K,Sheet1!$C:$C,$C4,Sheet1!$B:$B,O$1,Sheet1!$A:$A,$A4)*100,2),"0.00") -> 11.5918 ± 22.36
A5: Win | C5: Random Forest | D5: =TEXT(ROUND(SUMIFS(Sheet1!$D:$D,Sheet1!$C:$C,$C5,Sheet1!$B:$B,D$1,Sheet1!$A:$A,$A5)*100,4),"0.0000") & " ± " & TEXT(ROUND(SUMIFS(Sheet1!$E:$E,Sheet1!$C:$C,$C5,Sheet1!$B:$B,D$1,Sheet1!$A:$A,$A5)*100,2),"0.00") -> 62.0246 ± 21.87 | E5: =TEXT(ROUND(SUMIFS(Sheet1!$F:$F,Sheet1!$C:$C,$C5,Sheet1!$B:$B,E$1,Sheet1!$A:$A,$A5)*100,4),"0.0000") & " ± " & TEXT(ROUND(SUMIFS(Sheet1!$G:$G,Sheet1!$C:$C,$C5,Sheet1!$B:$B,E$1,Sheet1!$A:$A,$A5)*100,2),"0.00") -> 16.2050 ± 20.56 | F5: =TEXT(ROUND(SUMIFS(Sheet1!$H:$H,Sheet1!$C:$C,$C5,Sheet1!$B:$B,F$1,Sheet1!$A:$A,$A5)*100,4),"0.0000") & " ± " & TEXT(ROUND(SUMIFS(Sheet1!$I:$I,Sheet1!$C:$C,$C5,Sheet1!$B:$B,F$1,Sheet1!$A:$A,$A5)*100,2),"0.00") -> 26.0564 ± 34.49 | G5: =TEXT(ROUND(SUMIFS(Sheet1!$J:$J,Sheet1!$C:$C,$C5,Sheet1!$B:$B,G$1,Sheet1!$A:$A,$A5)*100,4),"0.0000") & " ± " & TEXT(ROUND(SUMIFS(Sheet1!$K:$K,Sheet1!$C:$C,$C5,Sheet1!$B:$B,G$1,Sheet1!$A:$A,$A5)*100,2),"0.00") -> 18.8284 ± 28.13 | H5: =TEXT(ROUND(SUMIFS(Sheet1!$D:$D,Sheet1!$C:$C,$C5,Sheet1!$B:$B,H$1,Sheet1!$A:$A,$A5)*100,4),"0.0000") & " ± " & TEXT(ROUND(SUMIFS(Sheet1!$E:$E,Sheet1!$C:$C,$C5,Sheet1!$B:$B,H$1,Sheet1!$A:$A,$A5)*100,2),"0.00") -> 62.6569 ± 19.59 | I5: =TEXT(ROUND(SUMIFS(Sheet1!$F:$F,Sheet1!$C:$C,$C5,Sheet1!$B:$B,I$1,Sheet1!$A:$A,$A5)*100,4),"0.0000") & " ± " & TEXT(ROUND(SUMIFS(Sheet1!$G:$G,Sheet1!$C:$C,$C5,Sheet1!$B:$B,I$1,Sheet1!$A:$A,$A5)*100,2),"0.00") -> 22.8029 ± 23.75 | J5: =TEXT(ROUND(SUMIFS(Sheet1!$H:$H,Sheet1!$C:$C,$C5,Sheet1!$B:$B,J$1,Sheet1!$A:$A,$A5)*100,4),"0.0000") & " ± " & TEXT(ROUND(SUMIFS(Sheet1!$I:$I,Sheet1!$C:$C,$C5,Sheet1!$B:$B,J$1,Sheet1!$A:$A,$A5)*100,2),"0.00") -> 32.2615 ± 36.53 | K5: =TEXT(ROUND(SUMIFS(Sheet1!$J:$J,Sheet1!$C:$C,$C5,Sheet1!$B:$B,K$1,Sheet1!$A:$A,$A5)*100,4),"0.0000") & " ± " & TEXT(ROUND(SUMIFS(Sheet1!$K:$K,Sheet1!$C:$C,$C5,Sheet1!$B:$B,K$1,Sheet1!$A:$A,$A5)*100,2),"0.00") -> 25.3237 ± 30.02 | L5: =TEXT(ROUND(SUMIFS(Sheet1!$D:$D,Sheet1!$C:$C,$C5,Sheet1!$B:$B,L$1,Sheet1!$A:$A,$A5)*100,4),"0.0000") & " ± " & TEXT(ROUND(SUMIFS(Sheet1!$E:$E,Sheet1!$C:$C,$C5,Sheet1!$B:$B,L$1,Sheet1!$A:$A,$A5)*100,2),"0.00") -> 62.1262 ± 22.49 | M5: =TEXT(ROUND(SUMIFS(Sheet1!$F:$F,Sheet1!$C:$C,$C5,Sheet1!$B:$B,M$1,Sheet1!$A:$A,$A5)*100,4),"0.0000") & " ± " & TEXT(ROUND(SUMIFS(Sheet1!$G:$G,Sheet1!$C:$C,$C5,Sheet1!$B:$B,M$1,Sheet1!$A:$A,$A5)*100,2),"0.00") -> 16.4916 ± 22.78 | N5: =TEXT(ROUND(SUMIFS(Sheet1!$H:$H,Sheet1!$C:$C,$C5,Sheet1!$B:$B,N$1,Sheet1!$A:$A,$A5)*100,4),"0.0000") & " ± " & TEXT(ROUND(SUMIFS(Sheet1!$I:$I,Sheet1!$C:$C,$C5,Sheet1!$B:$B,N$1,Sheet1!$A:$A,$A5)*100,2),"0.00") -> 26.1520 ± 36.31 | O5: =TEXT(ROUND(SUMIFS(Sheet1!$J:$J,Sheet1!$C:$C,$C5,Sheet1!$B:$B,O$1,Sheet1!$A:$A,$A5)*100,4),"0.0000") & " ± " & TEXT(ROUND(SUMIFS(Sheet1!$K:$K,Sheet1!$C:$C,$C5,Sheet1!$B:$B,O$1,Sheet1!$A:$A,$A5)*100,2),"0.00") -> 21.6666 ± 33.58
A6: Win | C6: XGBoost | D6: =TEXT(ROUND(SUMIFS(Sheet1!$D:$D,Sheet1!$C:$C,$C6,Sheet1!$B:$B,D$1,Sheet1!$A:$A,$A6)*100,4),"0.0000") & " ± " & TEXT(ROUND(SUMIFS(Sheet1!$E:$E,Sheet1!$C:$C,$C6,Sheet1!$B:$B,D$1,Sheet1!$A:$A,$A6)*100,2),"0.00") -> 62.4440 ± 23.23 | E6: =TEXT(ROUND(SUMIFS(Sheet1!$F:$F,Sheet1!$C:$C,$C6,Sheet1!$B:$B,E$1,Sheet1!$A:$A,$A6)*100,4),"0.0000") & " ± " & TEXT(ROUND(SUMIFS(Sheet1!$G:$G,Sheet1!$C:$C,$C6,Sheet1!$B:$B,E$1,Sheet1!$A:$A,$A6)*100,2),"0.00") -> 16.6982 ± 23.39 | F6: =TEXT(ROUND(SUMIFS(Sheet1!$H:$H,Sheet1!$C:$C,$C6,Sheet1!$B:$B,F$1,Sheet1!$A:$A,$A6)*100,4),"0.0000") & " ± " & TEXT(ROUND(SUMIFS(Sheet1!$I:$I,Sheet1!$C:$C,$C6,Sheet1!$B:$B,F$1,Sheet1!$A:$A,$A6)*100,2),"0.00") -> 20.5264 ± 29.87 | G6: =TEXT(ROUND(SUMIFS(Sheet1!$J:$J,Sheet1!$C:$C,$C6,Sheet1!$B:$B,G$1,Sheet1!$A:$A,$A6)*100,4),"0.0000") & " ± " & TEXT(ROUND(SUMIFS(Sheet1!$K:$K,Sheet1!$C:$C,$C6,Sheet1!$B:$B,G$1,Sheet1!$A:$A,$A6)*100,2),"0.00") -> 20.0377 ± 29.49 | H6: =TEXT(ROUND(SUMIFS(Sheet1!$D:$D,Sheet1!$C:$C,$C6,Sheet1!$B:$B,H$1,Sheet1!$A:$A,$A6)*100,4),"0.0000") & " ± " & TEXT(ROUND(SUMIFS(Sheet1!$E:$E,Sheet1!$C:$C,$C6,Sheet1!$B:$B,H$1,Sheet1!$A:$A,$A6)*100,2),"0.00") -> 62.6681 ± 17.07 | I6: =TEXT(ROUND(SUMIFS(Sheet1!$F:$F,Sheet1!$C:$C,$C6,Sheet1!$B:$B,I$1,Sheet1!$A:$A,$A6)*100,4),"0.0000") & " ± " & TEXT(ROUND(SUMIFS(Sheet1!$G:$G,Sheet1!$C:$C,$C6,Sheet1!$B:$B,I$1,Sheet1!$A:$A,$A6)*100,2),"0.00") -> 25.5327 ± 24.25 | J6: =TEXT(ROUND(SUMIFS(Sheet1!$H:$H,Sheet1!$C:$C,$C6,Sheet1!$B:$B,J$1,Sheet1!$A:$A,$A6)*100,4),"0.0000") & " ± " & TEXT(ROUND(SUMIFS(Sheet1!$I:$I,Sheet1!$C:$C,$C6,Sheet1!$B:$B,J$1,Sheet1!$A:$A,$A6)*100,2),"0.00") -> 37.7833 ± 37.80 | K6: =TEXT(ROUND(SUMIFS(Sheet1!$J:$J,Sheet1!$C:$C,$C6,Sheet1!$B:$B,K$1,Sheet1!$A:$A,$A6)*100,4),"0.0000") & " ± " & TEXT(ROUND(SUMIFS(Sheet1!$K:$K,Sheet1!$C:$C,$C6,Sheet1!$B:$B,K$1,Sheet1!$A:$A,$A6)*100,2),"0.00") -> 26.4793 ± 28.69 | L6: =TEXT(ROUND(SUMIFS(Sheet1!$D:$D,Sheet1!$C:$C,$C6,Sheet1!$B:$B,L$1,Sheet1!$A:$A,$A6)*100,4),"0.0000") & " ± " & TEXT(ROUND(SUMIFS(Sheet1!$E:$E,Sheet1!$C:$C,$C6,Sheet1!$B:$B,L$1,Sheet1!$A:$A,$A6)*100,2),"0.00") -> 61.2952 ± 25.08 | M6: =TEXT(ROUND(SUMIFS(Sheet1!$F:$F,Sheet1!$C:$C,$C6,Sheet1!$B:$B,M$1,Sheet1!$A:$A,$A6)*100,4),"0.0000") & " ± " & TEXT(ROUND(SUMIFS(Sheet1!$G:$G,Sheet1!$C:$C,$C6,Sheet1!$B:$B,M$1,Sheet1!$A:$A,$A6)*100,2),"0.00") -> 15.6907 ± 21.56 | N6: =TEXT(ROUND(SUMIFS(Sheet1!$H:$H,Sheet1!$C:$C,$C6,Sheet1!$B:$B,N$1,Sheet1!$A:$A,$A6)*100,4),"0.0000") & " ± " & TEXT(ROUND(SUMIFS(Sheet1!$I:$I,Sheet1!$C:$C,$C6,Sheet1!$B:$B,N$1,Sheet1!$A:$A,$A6)*100,2),"0.00") -> 21.2441 ± 31.71 | O6: =TEXT(ROUND(SUMIFS(Sheet1!$J:$J,Sheet1!$C:$C,$C6,Sheet1!$B:$B,O$1,Sheet1!$A:$A,$A6)*100,4),"0.0000") & " ± " & TEXT(ROUND(SUMIFS(Sheet1!$K:$K,Sheet1!$C:$C,$C6,Sheet1!$B:$B,O$1,Sheet1!$A:$A,$A6)*100,2),"0.00") -> 20.2505 ± 30.88
A7: Win | C7: KNN | D7: =TEXT(ROUND(SUMIFS(Sheet1!$D:$D,Sheet1!$C:$C,$C7,Sheet1!$B:$B,D$1,Sheet1!$A:$A,$A7)*100,4),"0.0000") & " ± " & TEXT(ROUND(SUMIFS(Sheet1!$E:$E,Sheet1!$C:$C,$C7,Sheet1!$B:$B,D$1,Sheet1!$A:$A,$A7)*100,2),"0.00") -> 65.7271 ± 21.91 | E7: =TEXT(ROUND(SUMIFS(Sheet1!$F:$F,Sheet1!$C:$C,$C7,Sheet1!$B:$B,E$1,Sheet1!$A:$A,$A7)*100,4),"0.0000") & " ± " & TEXT(ROUND(SUMIFS(Sheet1!$G:$G,Sheet1!$C:$C,$C7,Sheet1!$B:$B,E$1,Sheet1!$A:$A,$A7)*100,2),"0.00") -> 14.8125 ± 17.45 | F7: =TEXT(ROUND(SUMIFS(Sheet1!$H:$H,Sheet1!$C:$C,$C7,Sheet1!$B:$B,F$1,Sheet1!$A:$A,$A7)*100,4),"0.0000") & " ± " & TEXT(ROUND(SUMIFS(Sheet1!$I:$I,Sheet1!$C:$C,$C7,Sheet1!$B:$B,F$1,Sheet1!$A:$A,$A7)*100,2),"0.00") -> 28.6960 ± 34.61 | G7: =TEXT(ROUND(SUMIFS(Sheet1!$J:$J,Sheet1!$C:$C,$C7,Sheet1!$B:$B,G$1,Sheet1!$A:$A,$A7)*100,4),"0.0000") & " ± " & TEXT(ROUND(SUMIFS(Sheet1!$K:$K,Sheet1!$C:$C,$C7,Sheet1!$B:$B,G$1,Sheet1!$A:$A,$A7)*100,2),"0.00") -> 13.9438 ± 20.19 | H7: =TEXT(ROUND(SUMIFS(Sheet1!$D:$D,Sheet1!$C:$C,$C7,Sheet1!$B:$B,H$1,Sheet1!$A:$A,$A7)*100,4),"0.0000") & " ± " & TEXT(ROUND(SUMIFS(Sheet1!$E:$E,Sheet1!$C:$C,$C7,Sheet1!$B:$B,H$1,Sheet1!$A:$A,$A7)*100,2),"0.00") -> 65.1053 ± 21.25 | I7: =TEXT(ROUND(SUMIFS(Sheet1!$F:$F,Sheet1!$C:$C,$C7,Sheet1!$B:$B,I$1,Sheet1!$A:$A,$A7)*100,4),"0.0000") & " ± " & TEXT(ROUND(SUMIFS(Sheet1!$G:$G,Sheet1!$C:$C,$C7,Sheet1!$B:$B,I$1,Sheet1!$A:$A,$A7)*100,2),"0.00") -> 14.0164 ± 16.89 | J7: =TEXT(ROUND(SUMIFS(Sheet1!$H:$H,Sheet1!$C:$C,$C7,Sheet1!$B:$B,J$1,Sheet1!$A:$A,$A7)*100,4),"0.0000") & " ± " & TEXT(ROUND(SUMIFS(Sheet1!$I:$I,Sheet1!$C:$C,$C7,Sheet1!$B:$B,J$1,Sheet1!$A:$A,$A7)*100,2),"0.00") -> 28.5207 ± 34.50 | K7: =TEXT(ROUND(SUMIFS(Sheet1!$J:$J,Sheet1!$C:$C,$C7,Sheet1!$B:$B,K$1,Sheet1!$A:$A,$A7)*100,4),"0.0000") & " ± " & TEXT(ROUND(SUMIFS(Sheet1!$K:$K,Sheet1!$C:$C,$C7,Sheet1!$B:$B,K$1,Sheet1!$A:$A,$A7)*100,2),"0.00") -> 10.5628 ± 13.15 | L7: =TEXT(ROUND(SUMIFS(Sheet1!$D:$D,Sheet1!$C:$C,$C7,Sheet1!$B:$B,L$1,Sheet1!$A:$A,$A7)*100,4),"0.0000") & " ± " & TEXT(ROUND(SUMIFS(Sheet1!$E:$E,Sheet1!$C:$C,$C7,Sheet1!$B:$B,L$1,Sheet1!$A:$A,$A7)*100,2),"0.00") -> 62.9573 ± 22.22 | M7: =TEXT(ROUND(SUMIFS(Sheet1!$F:$F,Sheet1!$C:$C,$C7,Sheet1!$B:$B,M$1,Sheet1!$A:$A,$A7)*100,4),"0.0000") & " ± " & TEXT(ROUND(SUMIFS(Sheet1!$G:$G,Sheet1!$C:$C,$C7,Sheet1!$B:$B,M$1,Sheet1!$A:$A,$A7)*100,2),"0.00") -> 12.0532 ± 15.17 | N7: =TEXT(ROUND(SUMIFS(Sheet1!$H:$H,Sheet1!$C:$C,$C7,Sheet1!$B:$B,N$1,Sheet1!$A:$A,$A7)*100,4),"0.0000") & " ± " & TEXT(ROUND(SUMIFS(Sheet1!$I:$I,Sheet1!$C:$C,$C7,Sheet1!$B:$B,N$1,Sheet1!$A:$A,$A7)*100,2),"0.00") -> 21.3780 ± 28.42 | O7: =TEXT(ROUND(SUMIFS(Sheet1!$J:$J,Sheet1!$C:$C,$C7,Sheet1!$B:$B,O$1,Sheet1!$A:$A,$A7)*100,4),"0.0000") & " ± " & TEXT(ROUND(SUMIFS(Sheet1!$K:$K,Sheet1!$C:$C,$C7,Sheet1!$B:$B,O$1,Sheet1!$A:$A,$A7)*100,2),"0.00") -> 13.9618 ± 24.78
B9: Run Mode | C9: Input Mode | D9: Raw Features | H9: Visibility Graph Features | L9: Raw + Visibility Graph Features
C10: Model Name | D10: Accuracy (±std) | E10: F1 Score (±std) | F10: Precision (±std) | G10: Recall (±std) | H10: Accuracy (±std) | I10: F1 Score (±std) | J10: Precision (±std) | K10: Recall (±std) | L10: Accuracy (±std) | M10: F1 Score (±std) | N10: Precision (±std) | O10: Recall (±std)
A11: Agg | B11: Aggregated | C11: SVM | D11: =TEXT(ROUND(SUMIFS(Sheet1!$D:$D,Sheet1!$C:$C,$C11,Sheet1!$B:$B,D$1,Sheet1!$A:$A,$A11)*100,4),"0.0000") & " ± " & TEXT(ROUND(SUMIFS(Sheet1!$E:$E,Sheet1!$C:$C,$C11,Sheet1!$B:$B,D$1,Sheet1!$A:$A,$A11)*100,2),"0.00") -> 55.7992 ± 21.61 | E11: =TEXT(ROUND(SUMIFS(Sheet1!$F:$F,Sheet1!$C:$C,$C11,Sheet1!$B:$B,E$1,Sheet1!$A:$A,$A11)*100,4),"0.0000") & " ± " & TEXT(ROUND(SUMIFS(Sheet1!$G:$G,Sheet1!$C:$C,$C11,Sheet1!$B:$B,E$1,Sheet1!$A:$A,$A11)*100,2),"0.00") -> 13.4649 ± 23.08 | F11: =TEXT(ROUND(SUMIFS(Sheet1!$H:$H,Sheet1!$C:$C,$C11,Sheet1!$B:$B,F$1,Sheet1!$A:$A,$A11)*100,4),"0.0000") & " ± " & TEXT(ROUND(SUMIFS(Sheet1!$I:$I,Sheet1!$C:$C,$C11,Sheet1!$B:$B,F$1,Sheet1!$A:$A,$A11)*100,2),"0.00") -> 24.1085 ± 40.38 | G11: =TEXT(ROUND(SUMIFS(Sheet1!$J:$J,Sheet1!$C:$C,$C11,Sheet1!$B:$B,G$1,Sheet1!$A:$A,$A11)*100,4),"0.0000") & " ± " & TEXT(ROUND(SUMIFS(Sheet1!$K:$K,Sheet1!$C:$C,$C11,Sheet1!$B:$B,G$1,Sheet1!$A:$A,$A11)*100,2),"0.00") -> 13.3804 ± 26.78 | H11: =TEXT(ROUND(SUMIFS(Sheet1!$D:$D,Sheet1!$C:$C,$C11,Sheet1!$B:$B,H$1,Sheet1!$A:$A,$A11)*100,4),"0.0000") & " ± " & TEXT(ROUND(SUMIFS(Sheet1!$E:$E,Sheet1!$C:$C,$C11,Sheet1!$B:$B,H$1,Sheet1!$A:$A,$A11)*100,2),"0.00") -> 58.1423 ± 20.52 | I11: =TEXT(ROUND(SUMIFS(Sheet1!$F:$F,Sheet1!$C:$C,$C11,Sheet1!$B:$B,I$1,Sheet1!$A:$A,$A11)*100,4),"0.0000") & " ± " & TEXT(ROUND(SUMIFS(Sheet1!$G:$G,Sheet1!$C:$C,$C11,Sheet1!$B:$B,I$1,Sheet1!$A:$A,$A11)*100,2),"0.00") -> 28.6020 ± 26.72 | J11: =TEXT(ROUND(SUMIFS(Sheet1!$H:$H,Sheet1!$C:$C,$C11,Sheet1!$B:$B,J$1,Sheet1!$A:$A,$A11)*100,4),"0.0000") & " ± " & TEXT(ROUND(SUMIFS(Sheet1!$I:$I,Sheet1!$C:$C,$C11,Sheet1!$B:$B,J$1,Sheet1!$A:$A,$A11)*100,2),"0.00") -> 42.0930 ± 41.74 | K11: =TEXT(ROUND(SUMIFS(Sheet1!$J:$J,Sheet1!$C:$C,$C11,Sheet1!$B:$B,K$1,Sheet1!$A:$A,$A11)*100,4),"0.0000") & " ± " & TEXT(ROUND(SUMIFS(Sheet1!$K:$K,Sheet1!$C:$C,$C11,Sheet1!$B:$B,K$1,Sheet1!$A:$A,$A11)*100,2),"0.00") -> 31.3372 ± 34.78 | L11: =TEXT(ROUND(SUMIFS(Sheet1!$D:$D,Sheet1!$C:$C,$C11,Sheet1!$B:$B,L$1,Sheet1!$A:$A,$A11)*100,4),"0.0000") & " ± " & TEXT(ROUND(SUMIFS(Sheet1!$E:$E,Sheet1!$C:$C,$C11,Sheet1!$B:$B,L$1,Sheet1!$A:$A,$A11)*100,2),"0.00") -> 58.3924 ± 21.26 | M11: =TEXT(ROUND(SUMIFS(Sheet1!$F:$F,Sheet1!$C:$C,$C11,Sheet1!$B:$B,M$1,Sheet1!$A:$A,$A11)*100,4),"0.0000") & " ± " & TEXT(ROUND(SUMIFS(Sheet1!$G:$G,Sheet1!$C:$C,$C11,Sheet1!$B:$B,M$1,Sheet1!$A:$A,$A11)*100,2),"0.00") -> 18.1155 ± 23.66 | N11: =TEXT(ROUND(SUMIFS(Sheet1!$H:$H,Sheet1!$C:$C,$C11,Sheet1!$B:$B,N$1,Sheet1!$A:$A,$A11)*100,4),"0.0000") & " ± " & TEXT(ROUND(SUMIFS(Sheet1!$I:$I,Sheet1!$C:$C,$C11,Sheet1!$B:$B,N$1,Sheet1!$A:$A,$A11)*100,2),"0.00") -> 31.5504 ± 40.88 | O11: =TEXT(ROUND(SUMIFS(Sheet1!$J:$J,Sheet1!$C:$C,$C11,Sheet1!$B:$B,O$1,Sheet1!$A:$A,$A11)*100,4),"0.0000") & " ± " & TEXT(ROUND(SUMIFS(Sheet1!$K:$K,Sheet1!$C:$C,$C11,Sheet1!$B:$B,O$1,Sheet1!$A:$A,$A11)*100,2),"0.00") -> 16.8355 ± 26.10
A12: Agg | C12: Random Forest | D12: =TEXT(ROUND(SUMIFS(Sheet1!$D:$D,Sheet1!$C:$C,$C12,Sheet1!$B:$B,D$1,Sheet1!$A:$A,$A12)*100,4),"0.0000") & " ± " & TEXT(ROUND(SUMIFS(Sheet1!$E:$E,Sheet1!$C:$C,$C12,Sheet1!$B:$B,D$1,Sheet1!$A:$A,$A12)*100,2),"0.00") -> 58.4801 ± 23.33 | E12: =TEXT(ROUND(SUMIFS(Sheet1!$F:$F,Sheet1!$C:$C,$C12,Sheet1!$B:$B,E$1,Sheet1!$A:$A,$A12)*100,4),"0.0000") & " ± " & TEXT(ROUND(SUMIFS(Sheet1!$G:$G,Sheet1!$C:$C,$C12,Sheet1!$B:$B,E$1,Sheet1!$A:$A,$A12)*100,2),"0.00") -> 28.3444 ± 29.88 | F12: =TEXT(ROUND(SUMIFS(Sheet1!$H:$H,Sheet1!$C:$C,$C12,Sheet1!$B:$B,F$1,Sheet1!$A:$A,$A12)*100,4),"0.0000") & " ± " & TEXT(ROUND(SUMIFS(Sheet1!$I:$I,Sheet1!$C:$C,$C12,Sheet1!$B:$B,F$1,Sheet1!$A:$A,$A12)*100,2),"0.00") -> 40.2713 ± 43.35 | G12: =TEXT(ROUND(SUMIFS(Sheet1!$J:$J,Sheet1!$C:$C,$C12,Sheet1!$B:$B,G$1,Sheet1!$A:$A,$A12)*100,4),"0.0000") & " ± " & TEXT(ROUND(SUMIFS(Sheet1!$K:$K,Sheet1!$C:$C,$C12,Sheet1!$B:$B,G$1,Sheet1!$A:$A,$A12)*100,2),"0.00") -> 27.9596 ± 33.27 | H12: =TEXT(ROUND(SUMIFS(Sheet1!$D:$D,Sheet1!$C:$C,$C12,Sheet1!$B:$B,H$1,Sheet1!$A:$A,$A12)*100,4),"0.0000") & " ± " & TEXT(ROUND(SUMIFS(Sheet1!$E:$E,Sheet1!$C:$C,$C12,Sheet1!$B:$B,H$1,Sheet1!$A:$A,$A12)*100,2),"0.00") -> 59.0126 ± 22.38 | I12: =TEXT(ROUND(SUMIFS(Sheet1!$F:$F,Sheet1!$C:$C,$C12,Sheet1!$B:$B,I$1,Sheet1!$A:$A,$A12)*100,4),"0.0000") & " ± " & TEXT(ROUND(SUMIFS(Sheet1!$G:$G,Sheet1!$C:$C,$C12,Sheet1!$B:$B,I$1,Sheet1!$A:$A,$A12)*100,2),"0.00") -> 22.6743 ± 25.99 | J12: =TEXT(ROUND(SUMIFS(Sheet1!$H:$H,Sheet1!$C:$C,$C12,Sheet1!$B:$B,J$1,Sheet1!$A:$A,$A12)*100,4),"0.0000") & " ± " & TEXT(ROUND(SUMIFS(Sheet1!$I:$I,Sheet1!$C:$C,$C12,Sheet1!$B:$B,J$1,Sheet1!$A:$A,$A12)*100,2),"0.00") -> 35.5426 ± 42.01 | K12: =TEXT(ROUND(SUMIFS(Sheet1!$J:$J,Sheet1!$C:$C,$C12,Sheet1!$B:$B,K$1,Sheet1!$A:$A,$A12)*100,4),"0.0000") & " ± " & TEXT(ROUND(SUMIFS(Sheet1!$K:$K,Sheet1!$C:$C,$C12,Sheet1!$B:$B,K$1,Sheet1!$A:$A,$A12)*100,2),"0.00") -> 19.3217 ± 23.78 | L12: =TEXT(ROUND(SUMIFS(Sheet1!$D:$D,Sheet1!$C:$C,$C12,Sheet1!$B:$B,L$1,Sheet1!$A:$A,$A12)*100,4),"0.0000") & " ± " & TEXT(ROUND(SUMIFS(Sheet1!$E:$E,Sheet1!$C:$C,$C12,Sheet1!$B:$B,L$1,Sheet1!$A:$A,$A12)*100,2),"0.00") -> 58.8778 ± 22.35 | M12: =TEXT(ROUND(SUMIFS(Sheet1!$F:$F,Sheet1!$C:$C,$C12,Sheet1!$B:$B,M$1,Sheet1!$A:$A,$A12)*100,4),"0.0000") & " ± " & TEXT(ROUND(SUMIFS(Sheet1!$G:$G,Sheet1!$C:$C,$C12,Sheet1!$B:$B,M$1,Sheet1!$A:$A,$A12)*100,2),"0.00") -> 24.3065 ± 29.59 | N12: =TEXT(ROUND(SUMIFS(Sheet1!$H:$H,Sheet1!$C:$C,$C12,Sheet1!$B:$B,N$1,Sheet1!$A:$A,$A12)*100,4),"0.0000") & " ± " & TEXT(ROUND(SUMIFS(Sheet1!$I:$I,Sheet1!$C:$C,$C12,Sheet1!$B:$B,N$1,Sheet1!$A:$A,$A12)*100,2),"0.00") -> 36.8992 ± 43.63 | O12: =TEXT(ROUND(SUMIFS(Sheet1!$J:$J,Sheet1!$C:$C,$C12,Sheet1!$B:$B,O$1,Sheet1!$A:$A,$A12)*100,4),"0.0000") & " ± " & TEXT(ROUND(SUMIFS(Sheet1!$K:$K,Sheet1!$C:$C,$C12,Sheet1!$B:$B,O$1,Sheet1!$A:$A,$A12)*100,2),"0.00") -> 22.0266 ± 30.41
A13: Agg | C13: XGBoost | D13: =TEXT(ROUND(SUMIFS(Sheet1!$D:$D,Sheet1!$C:$C,$C13,Sheet1!$B:$B,D$1,Sheet1!$A:$A,$A13)*100,4),"0.0000") & " ± " & TEXT(ROUND(SUMIFS(Sheet1!$E:$E,Sheet1!$C:$C,$C13,Sheet1!$B:$B,D$1,Sheet1!$A:$A,$A13)*100,2),"0.00") -> 58.1792 ± 19.83 | E13: =TEXT(ROUND(SUMIFS(Sheet1!$F:$F,Sheet1!$C:$C,$C13,Sheet1!$B:$B,E$1,Sheet1!$A:$A,$A13)*100,4),"0.0000") & " ± " & TEXT(ROUND(SUMIFS(Sheet1!$G:$G,Sheet1!$C:$C,$C13,Sheet1!$B:$B,E$1,Sheet1!$A:$A,$A13)*100,2),"0.00") -> 31.5988 ± 29.71 | F13: =TEXT(ROUND(SUMIFS(Sheet1!$H:$H,Sheet1!$C:$C,$C13,Sheet1!$B:$B,F$1,Sheet1!$A:$A,$A13)*100,4),"0.0000") & " ± " & TEXT(ROUND(SUMIFS(Sheet1!$I:$I,Sheet1!$C:$C,$C13,Sheet1!$B:$B,F$1,Sheet1!$A:$A,$A13)*100,2),"0.00") -> 41.3455 ± 40.48 | G13: =TEXT(ROUND(SUMIFS(Sheet1!$J:$J,Sheet1!$C:$C,$C13,Sheet1!$B:$B,G$1,Sheet1!$A:$A,$A13)*100,4),"0.0000") & " ± " & TEXT(ROUND(SUMIFS(Sheet1!$K:$K,Sheet1!$C:$C,$C13,Sheet1!$B:$B,G$1,Sheet1!$A:$A,$A13)*100,2),"0.00") -> 35.3267 ± 37.06 | H13: =TEXT(ROUND(SUMIFS(Sheet1!$D:$D,Sheet1!$C:$C,$C13,Sheet1!$B:$B,H$1,Sheet1!$A:$A,$A13)*100,4),"0.0000") & " ± " & TEXT(ROUND(SUMIFS(Sheet1!$E:$E,Sheet1!$C:$C,$C13,Sheet1!$B:$B,H$1,Sheet1!$A:$A,$A13)*100,2),"0.00") -> 60.1827 ± 18.34 | I13: =TEXT(ROUND(SUMIFS(Sheet1!$F:$F,Sheet1!$C:$C,$C13,Sheet1!$B:$B,I$1,Sheet1!$A:$A,$A13)*100,4),"0.0000") & " ± " & TEXT(ROUND(SUMIFS(Sheet1!$G:$G,Sheet1!$C:$C,$C13,Sheet1!$B:$B,I$1,Sheet1!$A:$A,$A13)*100,2),"0.00") -> 33.9054 ± 30.45 | J13: =TEXT(ROUND(SUMIFS(Sheet1!$H:$H,Sheet1!$C:$C,$C13,Sheet1!$B:$B,J$1,Sheet1!$A:$A,$A13)*100,4),"0.0000") & " ± " & TEXT(ROUND(SUMIFS(Sheet1!$I:$I,Sheet1!$C:$C,$C13,Sheet1!$B:$B,J$1,Sheet1!$A:$A,$A13)*100,2),"0.00") -> 45.8140 ± 42.18 | K13: =TEXT(ROUND(SUMIFS(Sheet1!$J:$J,Sheet1!$C:$C,$C13,Sheet1!$B:$B,K$1,Sheet1!$A:$A,$A13)*100,4),"0.0000") & " ± " & TEXT(ROUND(SUMIFS(Sheet1!$K:$K,Sheet1!$C:$C,$C13,Sheet1!$B:$B,K$1,Sheet1!$A:$A,$A13)*100,2),"0.00") -> 32.2730 ± 31.69 | L13: =TEXT(ROUND(SUMIFS(Sheet1!$D:$D,Sheet1!$C:$C,$C13,Sheet1!$B:$B,L$1,Sheet1!$A:$A,$A13)*100,4),"0.0000") & " ± " & TEXT(ROUND(SUMIFS(Sheet1!$E:$E,Sheet1!$C:$C,$C13,Sheet1!$B:$B,L$1,Sheet1!$A:$A,$A13)*100,2),"0.00") -> 57.6689 ± 16.44 | M13: =TEXT(ROUND(SUMIFS(Sheet1!$F:$F,Sheet1!$C:$C,$C13,Sheet1!$B:$B,M$1,Sheet1!$A:$A,$A13)*100,4),"0.0000") & " ± " & TEXT(ROUND(SUMIFS(Sheet1!$G:$G,Sheet1!$C:$C,$C13,Sheet1!$B:$B,M$1,Sheet1!$A:$A,$A13)*100,2),"0.00") -> 29.3631 ± 27.40 | N13: =TEXT(ROUND(SUMIFS(Sheet1!$H:$H,Sheet1!$C:$C,$C13,Sheet1!$B:$B,N$1,Sheet1!$A:$A,$A13)*100,4),"0.0000") & " ± " & TEXT(ROUND(SUMIFS(Sheet1!$I:$I,Sheet1!$C:$C,$C13,Sheet1!$B:$B,N$1,Sheet1!$A:$A,$A13)*100,2),"0.00") -> 43.0620 ± 41.38 | O13: =TEXT(ROUND(SUMIFS(Sheet1!$J:$J,Sheet1!$C:$C,$C13,Sheet1!$B:$B,O$1,Sheet1!$A:$A,$A13)*100,4),"0.0000") & " ± " & TEXT(ROUND(SUMIFS(Sheet1!$K:$K,Sheet1!$C:$C,$C13,Sheet1!$B:$B,O$1,Sheet1!$A:$A,$A13)*100,2),"0.00") -> 29.8588 ± 32.35
A14: Agg | C14: KNN | D14: =TEXT(ROUND(SUMIFS(Sheet1!$D:$D,Sheet1!$C:$C,$C14,Sheet1!$B:$B,D$1,Sheet1!$A:$A,$A14)*100,4),"0.0000") & " ± " & TEXT(ROUND(SUMIFS(Sheet1!$E:$E,Sheet1!$C:$C,$C14,Sheet1!$B:$B,D$1,Sheet1!$A:$A,$A14)*100,2),"0.00") -> 58.1432 ± 21.39 | E14: =TEXT(ROUND(SUMIFS(Sheet1!$F:$F,Sheet1!$C:$C,$C14,Sheet1!$B:$B,E$1,Sheet1!$A:$A,$A14)*100,4),"0.0000") & " ± " & TEXT(ROUND(SUMIFS(Sheet1!$G:$G,Sheet1!$C:$C,$C14,Sheet1!$B:$B,E$1,Sheet1!$A:$A,$A14)*100,2),"0.00") -> 17.9070 ± 23.14 | F14: =TEXT(ROUND(SUMIFS(Sheet1!$H:$H,Sheet1!$C:$C,$C14,Sheet1!$B:$B,F$1,Sheet1!$A:$A,$A14)*100,4),"0.0000") & " ± " & TEXT(ROUND(SUMIFS(Sheet1!$I:$I,Sheet1!$C:$C,$C14,Sheet1!$B:$B,F$1,Sheet1!$A:$A,$A14)*100,2),"0.00") -> 30.2326 ± 40.07 | G14: =TEXT(ROUND(SUMIFS(Sheet1!$J:$J,Sheet1!$C:$C,$C14,Sheet1!$B:$B,G$1,Sheet1!$A:$A,$A14)*100,4),"0.0000") & " ± " & TEXT(ROUND(SUMIFS(Sheet1!$K:$K,Sheet1!$C:$C,$C14,Sheet1!$B:$B,G$1,Sheet1!$A:$A,$A14)*100,2),"0.00") -> 16.5615 ± 25.54 | H14: =TEXT(ROUND(SUMIFS(Sheet1!$D:$D,Sheet1!$C:$C,$C14,Sheet1!$B:$B,H$1,Sheet1!$A:$A,$A14)*100,4),"0.0000") & " ± " & TEXT(ROUND(SUMIFS(Sheet1!$E:$E,Sheet1!$C:$C,$C14,Sheet1!$B:$B,H$1,Sheet1!$A:$A,$A14)*100,2),"0.00") -> 58.2614 ± 23.70 | I14: =TEXT(ROUND(SUMIFS(Sheet1!$F:$F,Sheet1!$C:$C,$C14,Sheet1!$B:$B,I$1,Sheet1!$A:$A,$A14)*100,4),"0.0000") & " ± " & TEXT(ROUND(SUMIFS(Sheet1!$G:$G,Sheet1!$C:$C,$C14,Sheet1!$B:$B,I$1,Sheet1!$A:$A,$A14)*100,2),"0.00") -> 17.8387 ± 22.07 | J14: =TEXT(ROUND(SUMIFS(Sheet1!$H:$H,Sheet1!$C:$C,$C14,Sheet1!$B:$B,J$1,Sheet1!$A:$A,$A14)*100,4),"0.0000") & " ± " & TEXT(ROUND(SUMIFS(Sheet1!$I:$I,Sheet1!$C:$C,$C14,Sheet1!$B:$B,J$1,Sheet1!$A:$A,$A14)*100,2),"0.00") -> 31.3953 ± 40.06 | K14: =TEXT(ROUND(SUMIFS(Sheet1!$J:$J,Sheet1!$C:$C,$C14,Sheet1!$B:$B,K$1,Sheet1!$A:$A,$A14)*100,4),"0.0000") & " ± " & TEXT(ROUND(SUMIFS(Sheet1!$K:$K,Sheet1!$C:$C,$C14,Sheet1!$B:$B,K$1,Sheet1!$A:$A,$A14)*100,2),"0.00") -> 16.7386 ± 25.32 | L14: =TEXT(ROUND(SUMIFS(Sheet1!$D:$D,Sheet1!$C:$C,$C14,Sheet1!$B:$B,L$1,Sheet1!$A:$A,$A14)*100,4),"0.0000") & " ± " & TEXT(ROUND(SUMIFS(Sheet1!$E:$E,Sheet1!$C:$C,$C14,Sheet1!$B:$B,L$1,Sheet1!$A:$A,$A14)*100,2),"0.00") -> 56.6205 ± 23.59 | M14: =TEXT(ROUND(SUMIFS(Sheet1!$F:$F,Sheet1!$C:$C,$C14,Sheet1!$B:$B,M$1,Sheet1!$A:$A,$A14)*100,4),"0.0000") & " ± " & TEXT(ROUND(SUMIFS(Sheet1!$G:$G,Sheet1!$C:$C,$C14,Sheet1!$B:$B,M$1,Sheet1!$A:$A,$A14)*100,2),"0.00") -> 17.7058 ± 22.32 | N14: =TEXT(ROUND(SUMIFS(Sheet1!$H:$H,Sheet1!$C:$C,$C14,Sheet1!$B:$B,N$1,Sheet1!$A:$A,$A14)*100,4),"0.0000") & " ± " & TEXT(ROUND(SUMIFS(Sheet1!$I:$I,Sheet1!$C:$C,$C14,Sheet1!$B:$B,N$1,Sheet1!$A:$A,$A14)*100,2),"0.00") -> 35.5426 ± 44.54 | O14: =TEXT(ROUND(SUMIFS(Sheet1!$J:$J,Sheet1!$C:$C,$C14,Sheet1!$B:$B,O$1,Sheet1!$A:$A,$A14)*100,4),"0.0000") & " ± " & TEXT(ROUND(SUMIFS(Sheet1!$K:$K,Sheet1!$C:$C,$C14,Sheet1!$B:$B,O$1,Sheet1!$A:$A,$A14)*100,2),"0.00") -> 15.4568 ± 22.60
