Workbook
Name Class: Results!$BZ$2:$CA$4
Name InputMode: Results!$BR$2:$BS$3
Name Target: Results!$BT$2:$BU$3
Name Win: Results!$BP$2:$BQ$10

Sheet DATA
A1: experiment_id | B1: dataset_id | C1: target | D1: task_kind | E1: candidate_id | F1: candidate_order | G1: input_id | H1: input_mode | I1: representation | J1: model | K1: evaluation_unit | L1: total_candidate_count | M1: common_trial_count | N1: subjects_total | O1: outer_folds_run | P1: complete_loso | Q1: primary_metric | R1: primary_score | S1: primary_evaluable_subjects | T1: primary_excluded_subjects | U1: best_parameter_counts_json | V1: most_frequent_parameters_json | W1: parameter_stability_fraction | X1: quick_grid | Y1: inner_fit_seconds | Z1: outer_fit_seconds | AA1: target_run_seconds | AB1: n_samples | AC1: classes_observed | AD1: accuracy | AE1: balanced_accuracy | AF1: macro_precision | AG1: macro_recall | AH1: macro_f1 | AI1: mcc | AJ1: confusion_matrix_json | AK1: roc_auc | AL1: average_precision | AM1: support__low | AN1: precision__low | AO1: recall__low | AP1: f1__low | AQ1: support__high | AR1: precision__high | AS1: recall__high | AT1: f1__high | AU1: tn | AV1: fp | AW1: fn | AX1: tp | AY1: bootstrap_repeats | AZ1: accuracy_ci_low | BA1: accuracy_ci_high | BB1: balanced_accuracy_ci_low | BC1: balanced_accuracy_ci_high | BD1: macro_f1_ci_low | BE1: macro_f1_ci_high | BF1: mcc_ci_low | BG1: mcc_ci_high | BH1: primary_score_bootstrap_valid_repeats | BI1: primary_score_ci_low | BJ1: primary_score_ci_high | BK1: primary_rank_within_target
A2: nested__physiological_features__valence__binary__knn__windowed__hc__emognition_features_w60_o30 | B2: physiological_features | C2: valence | D2: binary | E2: knn__windowed__hc__emognition_features_w60_o30 | F2: 0 | G2: emognition_features_w60_o30 | H2: windowed | I2: hc | J2: knn | K2: trial | L2: 10 | M2: 304 | N2: 42 | O2: 42 | P2: TRUE | Q2: subject_class_macro_recall | R2: 0.47142511 | S2: 42 | T2: 0 | U2: {"{\"clf__n_neighbors\": 3, \"clf__p\": 2, \"clf__weights\": \"distance\"}": 15, "{\"clf__n_neighbors\": 5, \"clf__p\": 2, \"clf__weights\": \"distance\"}": 14, "{\"clf__n_neighbors\": 9, \"clf__p\": 2, \"clf__weights\": \"distance\"}": 11, "{\"clf__n_neighbors\": 9, \"clf__p\": 2, \"clf__weights\": \"uniform\"}": 2} | V2: {"clf__n_neighbors": 3, "clf__p": 2, "clf__weights": "distance"} | W2: 0.35714286 | X2: FALSE | Y2: 5.8496913 | Z2: 0.3749983 | AA2: 680.89589 | AB2: 304 | AC2: 2 | AD2: 0.47039474 | AE2: 0.47099303 | AF2: 0.47116259 | AG2: 0.47099303 | AH2: 0.46993015 | AI2: -0.057844131 | AJ2: [[67, 73], [88, 76]] | AK2: 0.4768946 | AL2: 0.52855781 | AM2: 140 | AN2: 0.43225806 | AO2: 0.47857143 | AP2: 0.45423729 | AQ2: 164 | AR2: 0.51006711 | AS2: 0.46341463 | AT2: 0.485623 | AU2: 67 | AV2: 73 | AW2: 88 | AX2: 76 | AY2: 1000 | AZ2: 0.41209765 | BA2: 0.52921951 | BB2: 0.41024842 | BC2: 0.53075673 | BD2: 0.40916976 | BE2: 0.52779129 | BF2: -0.17847112 | BG2: 0.061271944 | BH2: 1000 | BI2: 0.41027586 | BJ2: 0.52986396 | BK2: 8
A3: nested__physiological_features__valence__binary__knn__windowed__nvg__emognition_features_w60_o30 | B3: physiological_features | C3: valence | D3: binary | E3: knn__windowed__nvg__emognition_features_w60_o30 | F3: 1 | G3: emognition_features_w60_o30 | H3: windowed | I3: nvg | J3: knn | K3: trial | L3: 10 | M3: 304 | N3: 42 | O3: 42 | P3: TRUE | Q3: subject_class_macro_recall | R3: 0.53364167 | S3: 42 | T3: 0 | U3: {"{\"clf__n_neighbors\": 3, \"clf__p\": 2, \"clf__weights\": \"distance\"}": 6, "{\"clf__n_neighbors\": 3, \"clf__p\": 2, \"clf__weights\": \"uniform\"}": 1, "{\"clf__n_neighbors\": 5, \"clf__p\": 2, \"clf__weights\": \"distance\"}": 8, "{\"clf__n_neighbors\": 5, \"clf__p\": 2, \"clf__weights\": \"uniform\"}": 2, "{\"clf__n_neighbors\": 9, \"clf__p\": 2, \"clf__weights\": \"distance\"}": 19, "{\"clf__n_neighbors\": 9, \"clf__p\": 2, \"clf__weights\": \"uniform\"}": 6} | V3: {"clf__n_neighbors": 9, "clf__p": 2, "clf__weights": "distance"} | W3: 0.45238095 | X3: FALSE | Y3: 6.0303093 | Z3: 0.3988312 | AA3: 742.63454 | AB3: 304 | AC3: 2 | AD3: 0.52631579 | AE3: 0.5228223 | AF3: 0.52287411 | AG3: 0.5228223 | AH3: 0.52282538 | AI3: 0.045696375 | AJ3: [[67, 73], [71, 93]] | AK3: 0.54272648 | AL3: 0.60380213 | AM3: 140 | AN3: 0.48550725 | AO3: 0.47857143 | AP3: 0.48201439 | AQ3: 164 | AR3: 0.56024096 | AS3: 0.56707317 | AT3: 0.56363636 | AU3: 67 | AV3: 73 | AW3: 71 | AX3: 93 | AY3: 1000 | AZ3: 0.46864686 | BA3: 0.58118945 | BB3: 0.46508353 | BC3: 0.57727794 | BD3: 0.46435661 | BE3: 0.57677258 | BF3: -0.070042291 | BG3: 0.15506529 | BH3: 1000 | BI3: 0.47585418 | BJ3: 0.58887613 | BK3: 3
A4: nested__physiological_features__valence__binary__knn__windowed__hvg__emognition_features_w60_o30 | B4: physiological_features | C4: valence | D4: binary | E4: knn__windowed__hvg__emognition_features_w60_o30 | F4: 2 | G4: emognition_features_w60_o30 | H4: windowed | I4: hvg | J4: knn | K4: trial | L4: 10 | M4: 304 | N4: 42 | O4: 42 | P4: TRUE | Q4: subject_class_macro_recall | R4: 0.46686854 | S4: 42 | T4: 0 | U4: {"{\"clf__n_neighbors\": 3, \"clf__p\": 2, \"clf__weights\": \"distance\"}": 18, "{\"clf__n_neighbors\": 3, \"clf__p\": 2, \"clf__weights\": \"uniform\"}": 3, "{\"clf__n_neighbors\": 5, \"clf__p\": 2, \"clf__weights\": \"distance\"}": 7, "{\"clf__n_neighbors\": 5, \"clf__p\": 2, \"clf__weights\": \"uniform\"}": 2, "{\"clf__n_neighbors\": 9, \"clf__p\": 2, \"clf__weights\": \"distance\"}": 10, "{\"clf__n_neighbors\": 9, \"clf__p\": 2, \"clf__weights\": \"uniform\"}": 2} | V4: {"clf__n_neighbors": 3, "clf__p": 2, "clf__weights": "distance"} | W4: 0.42857143 | X4: FALSE | Y4: 6.1542987 | Z4: 0.4024383 | AA4: 786.07025 | AB4: 304 | AC4: 2 | AD4: 0.49342105 | AE4: 0.48449477 | AF4: 0.48377984 | AG4: 0.48449477 | AH4: 0.48155039 | AI4: -0.031717327 | AJ4: [[52, 88], [66, 98]] | AK4: 0.4883493 | AL4: 0.54615284 | AM4: 140 | AN4: 0.44067797 | AO4: 0.37142857 | AP4: 0.40310078 | AQ4: 164 | AR4: 0.52688172 | AS4: 0.59756098 | AT4: 0.56 | AU4: 52 | AV4: 88 | AW4: 66 | AX4: 98 | AY4: 1000 | AZ4: 0.45236711 | BA4: 0.53770492 | BB4: 0.44039867 | BC4: 0.53242807 | BD4: 0.43627227 | BE4: 0.52990332 | BF4: -0.12268507 | BG4: 0.065733194 | BH4: 1000 | BI4: 0.42162287 | BJ4: 0.51666667 | BK4: 9
A5: nested__physiological_features__valence__binary__knn__windowed__hc+nvg__emognition_features_w60_o30 | B5: physiological_features | C5: valence | D5: binary | E5: knn__windowed__hc+nvg__emognition_features_w60_o30 | F5: 3 | G5: emognition_features_w60_o30 | H5: windowed | I5: hc+nvg | J5: knn | K5: trial | L5: 10 | M5: 304 | N5: 42 | O5: 42 | P5: TRUE | Q5: subject_class_macro_recall | R5: 0.52089279 | S5: 42 | T5: 0 | U5: {"{\"clf__n_neighbors\": 3, \"clf__p\": 2, \"clf__weights\": \"distance\"}": 4, "{\"clf__n_neighbors\": 3, \"clf__p\": 2, \"clf__weights\": \"uniform\"}": 2, "{\"clf__n_neighbors\": 5, \"clf__p\": 2, \"clf__weights\": \"distance\"}": 8, "{\"clf__n_neighbors\": 9, \"clf__p\": 2, \"clf__weights\": \"distance\"}": 25, "{\"clf__n_neighbors\": 9, \"clf__p\": 2, \"clf__weights\": \"uniform\"}": 3} | V5: {"clf__n_neighbors": 9, "clf__p": 2, "clf__weights": "distance"} | W5: 0.5952381 | X5: FALSE | Y5: 6.794537 | Z5: 0.4557774 | AA5: 845.41798 | AB5: 304 | AC5: 2 | AD5: 0.51315789 | AE5: 0.51167247 | AF5: 0.51161783 | AG5: 0.51167247 | AH5: 0.51144508 | AI5: 0.023290235 | AJ5: [[69, 71], [77, 87]] | AK5: 0.52676394 | AL5: 0.55977956 | AM5: 140 | AN5: 0.47260274 | AO5: 0.49285714 | AP5: 0.48251748 | AQ5: 164 | AR5: 0.55063291 | AS5: 0.5304878 | AT5: 0.54037267 | AU5: 69 | AV5: 71 | AW5: 77 | AX5: 87 | AY5: 1000 | AZ5: 0.4584683 | BA5: 0.56351792 | BB5: 0.4552085 | BC5: 0.56362702 | BD5: 0.45404258 | BE5: 0.56171135 | BF5: -0.089783489 | BG5: 0.12723957 | BH5: 1000 | BI5: 0.46870864 | BJ5: 0.56870536 | BK5: 7
A6: nested__physiological_features__valence__binary__knn__windowed__hc+hvg__emognition_features_w60_o30 | B6: physiological_features | C6: valence | D6: binary | E6: knn__windowed__hc+hvg__emognition_features_w60_o30 | F6: 4 | G6: emognition_features_w60_o30 | H6: windowed | I6: hc+hvg | J6: knn | K6: trial | L6: 10 | M6: 304 | N6: 42 | O6: 42 | P6: TRUE | Q6: subject_class_macro_recall | R6: 0.4632176 | S6: 42 | T6: 0 | U6: {"{\"clf__n_neighbors\": 3, \"clf__p\": 2, \"clf__weights\": \"distance\"}": 20, "{\"clf__n_neighbors\": 5, \"clf__p\": 2, \"clf__weights\": \"distance\"}": 7, "{\"clf__n_neighbors\": 9, \"clf__p\": 2, \"clf__weights\": \"distance\"}": 11, "{\"clf__n_neighbors\": 9, \"clf__p\": 2, \"clf__weights\": \"uniform\"}": 4} | V6: {"clf__n_neighbors": 3, "clf__p": 2, "clf__weights": "distance"} | W6: 0.47619048 | X6: FALSE | Y6: 6.8704603 | Z6: 0.5061275 | AA6: 897.1315 | AB6: 304 | AC6: 2 | AD6: 0.45065789 | AE6: 0.44538328 | AF6: 0.44486216 | AG6: 0.44538328 | AH6: 0.44488546 | AI6: -0.10975333 | AJ6: [[53, 87], [80, 84]] | AK6: 0.42665505 | AL6: 0.48893781 | AM6: 140 | AN6: 0.39849624 | AO6: 0.37857143 | AP6: 0.38827839 | AQ6: 164 | AR6: 0.49122807 | AS6: 0.51219512 | AT6: 0.50149254 | AU6: 53 | AV6: 87 | AW6: 80 | AX6: 84 | AY6: 1000 | AZ6: 0.39794506 | BA6: 0.50485596 | BB6: 0.39141264 | BC6: 0.50015648 | BD6: 0.39004788 | BE6: 0.49874068 | BF6: -0.21703842 | BG6: 0.00031813046 | BH6: 1000 | BI6: 0.40871528 | BJ6: 0.52083956 | BK6: 10
A7: nested__physiological_features__valence__binary__knn__aggregated__hc__emognition_features_w60_o30 | B7: physiological_features | C7: valence | D7: binary | E7: knn__aggregated__hc__emognition_features_w60_o30 | F7: 5 | G7: emognition_features_w60_o30 | H7: aggregated | I7: hc | J7: knn | K7: trial | L7: 10 | M7: 304 | N7: 42 | O7: 42 | P7: TRUE | Q7: subject_class_macro_recall | R7: 0.52210193 | S7: 42 | T7: 0 | U7: {"{\"clf__n_neighbors\": 3, \"clf__p\": 2, \"clf__weights\": \"uniform\"}": 16, "{\"clf__n_neighbors\": 5, \"clf__p\": 2, \"clf__weights\": \"distance\"}": 5, "{\"clf__n_neighbors\": 5, \"clf__p\": 2, \"clf__weights\": \"uniform\"}": 10, "{\"clf__n_neighbors\": 9, \"clf__p\": 2, \"clf__weights\": \"distance\"}": 2, "{\"clf__n_neighbors\": 9, \"clf__p\": 2, \"clf__weights\": \"uniform\"}": 9} | V7: {"clf__n_neighbors": 3, "clf__p": 2, "clf__weights": "uniform"} | W7: 0.38095238 | X7: FALSE | Y7: 5.3781355 | Z7: 0.3569295 | AA7: 958.74227 | AB7: 304 | AC7: 2 | AD7: 0.51315789 | AE7: 0.51324042 | AF7: 0.51315789 | AG7: 0.51324042 | AH7: 0.51239813 | AI7: 0.026398184 | AJ7: [[72, 68], [80, 84]] | AK7: 0.52182056 | AL7: 0.55200206 | AM7: 140 | AN7: 0.47368421 | AO7: 0.51428571 | AP7: 0.49315068 | AQ7: 164 | AR7: 0.55263158 | AS7: 0.51219512 | AT7: 0.53164557 | AU7: 72 | AV7: 68 | AW7: 80 | AX7: 84 | AY7: 1000 | AZ7: 0.45832661 | BA7: 0.56903527 | BB7: 0.4585588 | BC7: 0.57071247 | BD7: 0.45796289 | BE7: 0.56818583 | BF7: -0.082755852 | BG7: 0.14019178 | BH7: 1000 | BI7: 0.46420559 | BJ7: 0.58170839 | BK7: 6
A8: nested__physiological_features__valence__binary__knn__aggregated__nvg__emognition_features_w60_o30 | B8: physiological_features | C8: valence | D8: binary | E8: knn__aggregated__nvg__emognition_features_w60_o30 | F8: 6 | G8: emognition_features_w60_o30 | H8: aggregated | I8: nvg | J8: knn | K8: trial | L8: 10 | M8: 304 | N8: 42 | O8: 42 | P8: TRUE | Q8: subject_class_macro_recall | R8: 0.55079918 | S8: 42 | T8: 0 | U8: {"{\"clf__n_neighbors\": 3, \"clf__p\": 2, \"clf__weights\": \"uniform\"}": 13, "{\"clf__n_neighbors\": 5, \"clf__p\": 2, \"clf__weights\": \"uniform\"}": 5, "{\"clf__n_neighbors\": 9, \"clf__p\": 2, \"clf__weights\": \"distance\"}": 5, "{\"clf__n_neighbors\": 9, \"clf__p\": 2, \"clf__weights\": \"uniform\"}": 19} | V8: {"clf__n_neighbors": 9, "clf__p": 2, "clf__weights": "uniform"} | W8: 0.45238095 | X8: FALSE | Y8: 5.9101733 | Z8: 0.4104115 | AA8: 1017.3347 | AB8: 304 | AC8: 2 | AD8: 0.54934211 | AE8: 0.54991289 | AF8: 0.54960395 | AG8: 0.54991289 | AH8: 0.54875129 | AI8: 0.09951636 | AJ8: [[78, 62], [75, 89]] | AK8: 0.54394599 | AL8: 0.56112358 | AM8: 140 | AN8: 0.50980392 | AO8: 0.55714286 | AP8: 0.53242321 | AQ8: 164 | AR8: 0.58940397 | AS8: 0.54268293 | AT8: 0.56507937 | AU8: 78 | AV8: 62 | AW8: 75 | AX8: 89 | AY8: 1000 | AZ8: 0.5 | BA8: 0.59731654 | BB8: 0.49916834 | BC8: 0.59790912 | BD8: 0.49855098 | BE8: 0.59573059 | BF8: -0.0016550065 | BG8: 0.19536697 | BH8: 1000 | BI8: 0.49327279 | BJ8: 0.6001915 | BK8: 1
A9: nested__physiological_features__valence__binary__knn__aggregated__hvg__emognition_features_w60_o30 | B9: physiological_features | C9: valence | D9: binary | E9: knn__aggregated__hvg__emognition_features_w60_o30 | F9: 7 | G9: emognition_features_w60_o30 | H9: aggregated | I9: hvg | J9: knn | K9: trial | L9: 10 | M9: 304 | N9: 42 | O9: 42 | P9: TRUE | Q9: subject_class_macro_recall | R9: 0.53207096 | S9: 42 | T9: 0 | U9: {"{\"clf__n_neighbors\": 3, \"clf__p\": 2, \"clf__weights\": \"uniform\"}": 10, "{\"clf__n_neighbors\": 5, \"clf__p\": 2, \"clf__weights\": \"distance\"}": 1, "{\"clf__n_neighbors\": 5, \"clf__p\": 2, \"clf__weights\": \"uniform\"}": 15, "{\"clf__n_neighbors\": 9, \"clf__p\": 2, \"clf__weights\": \"distance\"}": 3, "{\"clf__n_neighbors\": 9, \"clf__p\": 2, \"clf__weights\": \"uniform\"}": 13} | V9: {"clf__n_neighbors": 5, "clf__p": 2, "clf__weights": "uniform"} | W9: 0.35714286 | X9: FALSE | Y9: 5.8893301 | Z9: 0.3998899 | AA9: 1063.1133 | AB9: 304 | AC9: 2 | AD9: 0.52631579 | AE9: 0.52020906 | AF9: 0.52059659 | AG9: 0.52020906 | AH9: 0.51957858 | AI9: 0.04080381 | AJ9: [[62, 78], [66, 98]] | AK9: 0.51023519 | AL9: 0.53211825 | AM9: 140 | AN9: 0.484375 | AO9: 0.44285714 | AP9: 0.46268657 | AQ9: 164 | AR9: 0.55681818 | AS9: 0.59756098 | AT9: 0.57647059 | AU9: 62 | AV9: 78 | AW9: 66 | AX9: 98 | AY9: 1000 | AZ9: 0.47058824 | BA9: 0.58646613 | BB9: 0.46403936 | BC9: 0.58041073 | BD9: 0.46157706 | BE9: 0.57953966 | BF9: -0.073633345 | BG9: 0.16422468 | BH9: 1000 | BI9: 0.47464486 | BJ9: 0.58992834 | BK9: 4
A10: nested__physiological_features__valence__binary__knn__aggregated__hc+nvg__emognition_features_w60_o30 | B10: physiological_features | C10: valence | D10: binary | E10: knn__aggregated__hc+nvg__emognition_features_w60_o30 | F10: 8 | G10: emognition_features_w60_o30 | H10: aggregated | I10: hc+nvg | J10: knn | K10: trial | L10: 10 | M10: 304 | N10: 42 | O10: 42 | P10: TRUE | Q10: subject_class_macro_recall | R10: 0.5371813 | S10: 42 | T10: 0 | U10: {"{\"clf__n_neighbors\": 3, \"clf__p\": 2, \"clf__weights\": \"uniform\"}": 17, "{\"clf__n_neighbors\": 5, \"clf__p\": 2, \"clf__weights\": \"distance\"}": 1, "{\"clf__n_neighbors\": 5, \"clf__p\": 2, \"clf__weights\": \"uniform\"}": 5, "{\"clf__n_neighbors\": 9, \"clf__p\": 2, \"clf__weights\": \"distance\"}": 4, "{\"clf__n_neighbors\": 9, \"clf__p\": 2, \"clf__weights\": \"uniform\"}": 15} | V10: {"clf__n_neighbors": 3, "clf__p": 2, "clf__weights": "uniform"} | W10: 0.4047619 | X10: FALSE | Y10: 6.8261425 | Z10: 0.4507239 | AA10: 1096.6942 | AB10: 304 | AC10: 2 | AD10: 0.52960526 | AE10: 0.52534843 | AF10: 0.52550953 | AG10: 0.52534843 | AH10: 0.52528529 | AI10: 0.05085771 | AJ10: [[66, 74], [69, 95]] | AK10: 0.52865854 | AL10: 0.55425093 | AM10: 140 | AN10: 0.48888889 | AO10: 0.47142857 | AP10: 0.48 | AQ10: 164 | AR10: 0.56213018 | AS10: 0.57926829 | AT10: 0.57057057 | AU10: 66 | AV10: 74 | AW10: 69 | AX10: 95 | AY10: 1000 | AZ10: 0.48219775 | BA10: 0.57679824 | BB10: 0.47781501 | BC10: 0.57434899 | BD10: 0.47550366 | BE10: 0.57244114 | BF10: -0.04461973 | BG10: 0.1486159 | BH10: 1000 | BI10: 0.48712939 | BJ10: 0.58833121 | BK10: 2
A11: nested__physiological_features__valence__binary__knn__aggregated__hc+hvg__emognition_features_w60_o30 | B11: physiological_features | C11: valence | D11: binary | E11: knn__aggregated__hc+hvg__emognition_features_w60_o30 | F11: 9 | G11: emognition_features_w60_o30 | H11: aggregated | I11: hc+hvg | J11: knn | K11: trial | L11: 10 | M11: 304 | N11: 42 | O11: 42 | P11: TRUE | Q11: subject_class_macro_recall | R11: 0.5305756 | S11: 42 | T11: 0 | U11: {"{\"clf__n_neighbors\": 3, \"clf__p\": 2, \"clf__weights\": \"uniform\"}": 12, "{\"clf__n_neighbors\": 5, \"clf__p\": 2, \"clf__weights\": \"uniform\"}": 7, "{\"clf__n_neighbors\": 9, \"clf__p\": 2, \"clf__weights\": \"distance\"}": 7, "{\"clf__n_neighbors\": 9, \"clf__p\": 2, \"clf__weights\": \"uniform\"}": 16} | V11: {"clf__n_neighbors": 9, "clf__p": 2, "clf__weights": "uniform"} | W11: 0.38095238 | X11: FALSE | Y11: 6.6845981 | Z11: 0.4358893 | AA11: 1130.2686 | AB11: 304 | AC11: 2 | AD11: 0.53947368 | AE11: 0.53188153 | AF11: 0.53296703 | AG11: 0.53188153 | AH11: 0.53051229 | AI11: 0.06483948 | AJ11: [[61, 79], [61, 103]] | AK11: 0.4918554 | AL11: 0.5230238 | AM11: 140 | AN11: 0.5 | AO11: 0.43571429 | AP11: 0.46564885 | AQ11: 164 | AR11: 0.56593407 | AS11: 0.62804878 | AT11: 0.59537572 | AU11: 61 | AV11: 79 | AW11: 61 | AX11: 103 | AY11: 1000 | AZ11: 0.49009512 | BA11: 0.58363048 | BB11: 0.48203964 | BC11: 0.5788398 | BD11: 0.4788073 | BE11: 0.57755691 | BF11: -0.036587434 | BG11: 0.15984676 | BH11: 1000 | BI11: 0.47714994 | BJ11: 0.58572421 | BK11: 5
A12: nested__physiological_features__arousal__binary__knn__windowed__hc__emognition_features_w60_o30 | B12: physiological_features | C12: arousal | D12: binary | E12: knn__windowed__hc__emognition_features_w60_o30 | F12: 0 | G12: emognition_features_w60_o30 | H12: windowed | I12: hc | J12: knn | K12: trial | L12: 10 | M12: 278 | N12: 42 | O12: 42 | P12: TRUE | Q12: subject_class_macro_recall | R12: 0.4520393 | S12: 42 | T12: 0 | U12: {"{\"clf__n_neighbors\": 3, \"clf__p\": 2, \"clf__weights\": \"distance\"}": 5, "{\"clf__n_neighbors\": 3, \"clf__p\": 2, \"clf__weights\": \"uniform\"}": 6, "{\"clf__n_neighbors\": 5, \"clf__p\": 2, \"clf__weights\": \"distance\"}": 4, "{\"clf__n_neighbors\": 5, \"clf__p\": 2, \"clf__weights\": \"uniform\"}": 13, "{\"clf__n_neighbors\": 9, \"clf__p\": 2, \"clf__weights\": \"distance\"}": 5, "{\"clf__n_neighbors\": 9, \"clf__p\": 2, \"clf__weights\": \"uniform\"}": 9} | V12: {"clf__n_neighbors": 5, "clf__p": 2, "clf__weights": "uniform"} | W12: 0.30952381 | X12: FALSE | Y12: 5.7497002 | Z12: 0.3458423 | AA12: 652.25573 | AB12: 278 | AC12: 2 | AD12: 0.4028777 | AE12: 0.39276216 | AF12: 0.38836111 | AG12: 0.39276216 | AH12: 0.38893008 | AI12: -0.21883248 | AJ12: [[77, 74], [92, 35]] | AK12: 0.36522918 | AL12: 0.37354665 | AM12: 151 | AN12: 0.4556213 | AO12: 0.50993377 | AP12: 0.48125 | AQ12: 127 | AR12: 0.32110092 | AS12: 0.27559055 | AT12: 0.29661017 | AU12: 77 | AV12: 74 | AW12: 92 | AX12: 35 | AY12: 1000 | AZ12: 0.33695652 | BA12: 0.46935099 | BB12: 0.33675323 | BC12: 0.45783275 | BD12: 0.32557037 | BE12: 0.45300427 | BF12: -0.33639613 | BG12: -0.086203537 | BH12: 1000 | BI12: 0.37667745 | BJ12: 0.52188941 | BK12: 9
A13: nested__physiological_features__arousal__binary__knn__windowed__nvg__emognition_features_w60_o30 | B13: physiological_features | C13: arousal | D13: binary | E13: knn__windowed__nvg__emognition_features_w60_o30 | F13: 1 | G13: emognition_features_w60_o30 | H13: windowed | I13: nvg | J13: knn | K13: trial | L13: 10 | M13: 278 | N13: 42 | O13: 42 | P13: TRUE | Q13: subject_class_macro_recall | R13: 0.4557423 | S13: 42 | T13: 0 | U13: {"{\"clf__n_neighbors\": 3, \"clf__p\": 2, \"clf__weights\": \"distance\"}": 1, "{\"clf__n_neighbors\": 3, \"clf__p\": 2, \"clf__weights\": \"uniform\"}": 12, "{\"clf__n_neighbors\": 5, \"clf__p\": 2, \"clf__weights\": \"uniform\"}": 8, "{\"clf__n_neighbors\": 9, \"clf__p\": 2, \"clf__weights\": \"distance\"}": 3, "{\"clf__n_neighbors\": 9, \"clf__p\": 2, \"clf__weights\": \"uniform\"}": 18} | V13: {"clf__n_neighbors": 9, "clf__p": 2, "clf__weights": "uniform"} | W13: 0.42857143 | X13: FALSE | Y13: 5.9776625 | Z13: 0.3754534 | AA13: 706.57729 | AB13: 278 | AC13: 2 | AD13: 0.4676259 | AE13: 0.45674506 | AF13: 0.45433526 | AG13: 0.45674506 | AH13: 0.45263942 | AI13: -0.088887021 | AJ13: [[88, 63], [85, 42]] | AK13: 0.43158471 | AL13: 0.41139422 | AM13: 151 | AN13: 0.50867052 | AO13: 0.58278146 | AP13: 0.54320988 | AQ13: 127 | AR13: 0.4 | AS13: 0.33070866 | AT13: 0.36206897 | AU13: 88 | AV13: 63 | AW13: 85 | AX13: 42 | AY13: 1000 | AZ13: 0.39923097 | BA13: 0.53003633 | BB13: 0.39902612 | BC13: 0.5162469 | BD13: 0.39308124 | BE13: 0.50996319 | BF13: -0.20253313 | BG13: 0.033156559 | BH13: 1000 | BI13: 0.39564786 | BJ13: 0.5166176 | BK13: 8
... A21: nested__physiological_features__arousal__binary__knn__aggregated__hc+hvg__emognition_features_w60_o30 | B21: physiological_features | C21: arousal | D21: binary | E21: knn__aggregated__hc+hvg__emognition_features_w60_o30 | F21: 9 | G21: emognition_features_w60_o30 | H21: aggregated | I21: hc+hvg | J21: knn | K21: trial | L21: 10 | M21: 278 | N21: 42 | O21: 42 | P21: TRUE | Q21: subject_class_macro_recall | R21: 0.44811932 | S21: 42 | T21: 0 | U21: {"{\"clf__n_neighbors\": 3, \"clf__p\": 2, \"clf__weights\": \"uniform\"}": 8, "{\"clf__n_neighbors\": 5, \"clf__p\": 2, \"clf__weights\": \"uniform\"}": 10, "{\"clf__n_neighbors\": 9, \"clf__p\": 2, \"clf__weights\": \"uniform\"}": 24} | V21: {"clf__n_neighbors": 9, "clf__p": 2, "clf__weights": "uniform"} | W21: 0.57142857 | X21: FALSE | Y21: 6.872251 | Z21: 0.4034305 | AA21: 1083.1528 | AB21: 278 | AC21: 2 | AD21: 0.43884892 | AE21: 0.43150649 | AF21: 0.43027021 | AG21: 0.43150649 | AH21: 0.43032787 | AI21: -0.13821777 | AJ21: [[78, 73], [83, 44]] | AK21: 0.41325546 | AL21: 0.40824701 | AM21: 151 | AN21: 0.48447205 | AO21: 0.51655629 | AP21: 0.5 | AQ21: 127 | AR21: 0.37606838 | AS21: 0.34645669 | AT21: 0.36065574 | AU21: 78 | AV21: 73 | AW21: 83 | AX21: 44 | AY21: 1000 | AZ21: 0.36968588 | BA21: 0.51592175 | BB21: 0.36737849 | BC21: 0.50351777 | BD21: 0.36550758 | BE21: 0.49986937 | BF21: -0.26456579 | BG21: 0.0072087992 | BH21: 1000 | BI21: 0.36884781 | BJ21: 0.53086717 | BK21: 10
A22: nested__physiological_features__valence__ternary__knn__windowed__hc__emognition_features_w60_o30 | B22: physiological_features | C22: valence | D22: ternary | E22: knn__windowed__hc__emognition_features_w60_o30 | F22: 0 | G22: emognition_features_w60_o30 | H22: windowed | I22: hc | J22: knn | K22: trial | L22: 10 | M22: 332 | N22: 42 | O22: 42 | P22: TRUE | Q22: subject_class_macro_recall | R22: 0.32506062 | S22: 42 | T22: 0 | U22: {"{\"clf__n_neighbors\": 3, \"clf__p\": 2, \"clf__weights\": \"distance\"}": 4, "{\"clf__n_neighbors\": 3, \"clf__p\": 2, \"clf__weights\": \"uniform\"}": 5, "{\"clf__n_neighbors\": 5, \"clf__p\": 2, \"clf__weights\": \"distance\"}": 4, "{\"clf__n_neighbors\": 5, \"clf__p\": 2, \"clf__weights\": \"uniform\"}": 7, "{\"clf__n_neighbors\": 9, \"clf__p\": 2, \"clf__weights\": \"distance\"}": 7, "{\"clf__n_neighbors\": 9, \"clf__p\": 2, \"clf__weights\": \"uniform\"}": 15} | V22: {"clf__n_neighbors": 9, "clf__p": 2, "clf__weights": "uniform"} | W22: 0.35714286 | X22: FALSE | Y22: 6.089033 | Z22: 0.3670491 | AA22: 789.78713 | AB22: 332 | AC22: 3 | AD22: 0.3373494 | AE22: 0.33821923 | AF22: 0.33752635 | AG22: 0.33821923 | AH22: 0.33708255 | AI22: 0.0064219687 | AJ22: [[39, 30, 35], [37, 34, 38], [43, 37, 39]] | AK22: 0.47766654 | AM22: 104 | AN22: 0.32773109 | AO22: 0.375 | AP22: 0.34977578 | AQ22: 109 | AR22: 0.33663366 | AS22: 0.31192661 | AT22: 0.32380952 | AU22: 119 | AV22: 0.34821429 | AW22: 0.32773109 | AX22: 0.33766234 | AY22: 1000 | AZ22: 0.29214674 | BA22: 0.38555407 | BB22: 0.29332931 | BC22: 0.38763067 | BD22: 0.28959313 | BE22: 0.38403644 | BF22: -0.061390886 | BG22: 0.078728463 | BH22: 1000 | BI22: 0.27767589 | BJ22: 0.37417893 | BK22: 8
A23: nested__physiological_features__valence__ternary__knn__windowed__nvg__emognition_features_w60_o30 | B23: physiological_features | C23: valence | D23: ternary | E23: knn__windowed__nvg__emognition_features_w60_o30 | F23: 1 | G23: emognition_features_w60_o30 | H23: windowed | I23: nvg | J23: knn | K23: trial | L23: 10 | M23: 332 | N23: 42 | O23: 42 | P23: TRUE | Q23: subject_class_macro_recall | R23: 0.36869206 | S23: 42 | T23: 0 | U23: {"{\"clf__n_neighbors\": 3, \"clf__p\": 2, \"clf__weights\": \"distance\"}": 2, "{\"clf__n_neighbors\": 3, \"clf__p\": 2, \"clf__weights\": \"uniform\"}": 7, "{\"clf__n_neighbors\": 5, \"clf__p\": 2, \"clf__weights\": \"distance\"}": 4, "{\"clf__n_neighbors\": 5, \"clf__p\": 2, \"clf__weights\": \"uniform\"}": 8, "{\"clf__n_neighbors\": 9, \"clf__p\": 2, \"clf__weights\": \"distance\"}": 9, "{\"clf__n_neighbors\": 9, \"clf__p\": 2, \"clf__weights\": \"uniform\"}": 12} | V23: {"clf__n_neighbors": 9, "clf__p": 2, "clf__weights": "uniform"} | W23: 0.28571429 | X23: FALSE | Y23: 6.3240773 | Z23: 0.4094219 | AA23: 820.95682 | AB23: 332 | AC23: 3 | AD23: 0.35542169 | AE23: 0.35631211 | AF23: 0.35163422 | AG23: 0.35631211 | AH23: 0.35256709 | AI23: 0.032311602 | AJ23: [[46, 26, 32], [35, 28, 46], [38, 37, 44]] | AK23: 0.51153269 | AM23: 104 | AN23: 0.38655462 | AO23: 0.44230769 | AP23: 0.41255605 | AQ23: 109 | AR23: 0.30769231 | AS23: 0.25688073 | AT23: 0.28 | AU23: 119 | AV23: 0.36065574 | AW23: 0.3697479 | AX23: 0.36514523 | AY23: 1000 | AZ23: 0.30421687 | BA23: 0.40419321 | BB23: 0.30434933 | BC23: 0.40907189 | BD23: 0.30162668 | BE23: 0.40134866 | BF23: -0.043696761 | BG23: 0.10735291 | BH23: 1000 | BI23: 0.31639792 | BJ23: 0.42344719 | BK23: 3
A24: nested__physiological_features__valence__ternary__knn__windowed__hvg__emognition_features_w60_o30 | B24: physiological_features | C24: valence | D24: ternary | E24: knn__windowed__hvg__emognition_features_w60_o30 | F24: 2 | G24: emognition_features_w60_o30 | H24: windowed | I24: hvg | J24: knn | K24: trial | L24: 10 | M24: 332 | N24: 42 | O24: 42 | P24: TRUE | Q24: subject_class_macro_recall | R24: 0.30288832 | S24: 42 | T24: 0 | U24: {"{\"clf__n_neighbors\": 3, \"clf__p\": 2, \"clf__weights\": \"distance\"}": 4, "{\"clf__n_neighbors\": 3, \"clf__p\": 2, \"clf__weights\": \"uniform\"}": 13, "{\"clf__n_neighbors\": 5, \"clf__p\": 2, \"clf__weights\": \"distance\"}": 10, "{\"clf__n_neighbors\": 5, \"clf__p\": 2, \"clf__weights\": \"uniform\"}": 5, "{\"clf__n_neighbors\": 9, \"clf__p\": 2, \"clf__weights\": \"distance\"}": 5, "{\"clf__n_neighbors\": 9, \"clf__p\": 2, \"clf__weights\": \"uniform\"}": 5} | V24: {"clf__n_neighbors": 3, "clf__p": 2, "clf__weights": "uniform"} | W24: 0.30952381 | X24: FALSE | Y24: 6.2368776 | Z24: 0.4521312 | AA24: 852.07402 | AB24: 332 | AC24: 3 | AD24: 0.33433735 | AE24: 0.33237014 | AF24: 0.33394173 | AG24: 0.33237014 | AH24: 0.3315981 | AI24: 0.00026004106 | AJ24: [[34, 32, 38], [40, 30, 39], [45, 27, 47]] | AK24: 0.48917694 | AM24: 104 | AN24: 0.28571429 | AO24: 0.32692308 | AP24: 0.30493274 | AQ24: 109 | AR24: 0.33707865 | AS24: 0.27522936 | AT24: 0.3030303 | AU24: 119 | AV24: 0.37903226 | AW24: 0.39495798 | AX24: 0.38683128 | AY24: 1000 | AZ24: 0.28828829 | BA24: 0.38323353 | BB24: 0.28684845 | BC24: 0.37997642 | BD24: 0.28371606 | BE24: 0.37744156 | BF24: -0.069865299 | BG24: 0.071645845 | BH24: 1000 | BI24: 0.25648583 | BJ24: 0.35140425 | BK24: 10
A25: nested__physiological_features__valence__ternary__knn__windowed__hc+nvg__emognition_features_w60_o30 | B25: physiological_features | C25: valence | D25: ternary | E25: knn__windowed__hc+nvg__emognition_features_w60_o30 | F25: 3 | G25: emognition_features_w60_o30 | H25: windowed | I25: hc+nvg | J25: knn | K25: trial | L25: 10 | M25: 332 | N25: 42 | O25: 42 | P25: TRUE | Q25: subject_class_macro_recall | R25: 0.34052204 | S25: 42 | T25: 0 | U25: {"{\"clf__n_neighbors\": 3, \"clf__p\": 2, \"clf__weights\": \"distance\"}": 6, "{\"clf__n_neighbors\": 3, \"clf__p\": 2, \"clf__weights\": \"uniform\"}": 6, "{\"clf__n_neighbors\": 5, \"clf__p\": 2, \"clf__weights\": \"distance\"}": 5, "{\"clf__n_neighbors\": 5, \"clf__p\": 2, \"clf__weights\": \"uniform\"}": 9, "{\"clf__n_neighbors\": 9, \"clf__p\": 2, \"clf__weights\": \"distance\"}": 9, "{\"clf__n_neighbors\": 9, \"clf__p\": 2, \"clf__weights\": \"uniform\"}": 7} | V25: {"clf__n_neighbors": 9, "clf__p": 2, "clf__weights": "distance"} | W25: 0.21428571 | X25: FALSE | Y25: 7.1521495 | Z25: 0.4918326 | AA25: 883.27658 | AB25: 332 | AC25: 3 | AD25: 0.34939759 | AE25: 0.35137086 | AF25: 0.34645861 | AG25: 0.35137086 | AH25: 0.34670907 | AI25: 0.025356419 | AJ25: [[47, 25, 32], [41, 29, 39], [40, 39, 40]] | AK25: 0.51881126 | AM25: 104 | AN25: 0.3671875 | AO25: 0.45192308 | AP25: 0.40517241 | AQ25: 109 | AR25: 0.31182796 | AS25: 0.26605505 | AT25: 0.28712871 | AU25: 119 | AV25: 0.36036036 | AW25: 0.33613445 | AX25: 0.34782609 | AY25: 1000 | AZ25: 0.30027782 | BA25: 0.40425249 | BB25: 0.30108329 | BC25: 0.40761886 | BD25: 0.29531432 | BE25: 0.40098387 | BF25: -0.048968226 | BG25: 0.11008712 | BH25: 1000 | BI25: 0.29766942 | BJ25: 0.38825199 | BK25: 7
A26: nested__physiological_features__valence__ternary__knn__windowed__hc+hvg__emognition_features_w60_o30 | B26: physiological_features | C26: valence | D26: ternary | E26: knn__windowed__hc+hvg__emognition_features_w60_o30 | F26: 4 | G26: emognition_features_w60_o30 | H26: windowed | I26: hc+hvg | J26: knn | K26: trial | L26: 10 | M26: 332 | N26: 42 | O26: 42 | P26: TRUE | Q26: subject_class_macro_recall | R26: 0.30645771 | S26: 42 | T26: 0 | U26: {"{\"clf__n_neighbors\": 3, \"clf__p\": 2, \"clf__weights\": \"distance\"}": 13, "{\"clf__n_neighbors\": 3, \"clf__p\": 2, \"clf__weights\": \"uniform\"}": 3, "{\"clf__n_neighbors\": 5, \"clf__p\": 2, \"clf__weights\": \"distance\"}": 6, "{\"clf__n_neighbors\": 5, \"clf__p\": 2, \"clf__weights\": \"uniform\"}": 7, "{\"clf__n_neighbors\": 9, \"clf__p\": 2, \"clf__weights\": \"distance\"}": 4, "{\"clf__n_neighbors\": 9, \"clf__p\": 2, \"clf__weights\": \"uniform\"}": 9} | V26: {"clf__n_neighbors": 3, "clf__p": 2, "clf__weights": "distance"} | W26: 0.30952381 | X26: FALSE | Y26: 7.124156 | Z26: 0.5165796 | AA26: 914.38923 | AB26: 332 | AC26: 3 | AD26: 0.32228916 | AE26: 0.31984367 | AF26: 0.32304987 | AG26: 0.31984367 | AH26: 0.31872974 | AI26: -0.018950227 | AJ26: [[32, 28, 44], [41, 28, 40], [46, 26, 47]] | AK26: 0.49073338 | AM26: 104 | AN26: 0.26890756 | AO26: 0.30769231 | AP26: 0.28699552 | AQ26: 109 | AR26: 0.34146341 | AS26: 0.25688073 | AT26: 0.29319372 | AU26: 119 | AV26: 0.35877863 | AW26: 0.39495798 | AX26: 0.376 | AY26: 1000 | AZ26: 0.26888218 | BA26: 0.37951807 | BB26: 0.26487207 | BC26: 0.37768077 | BD26: 0.2629043 | BE26: 0.37554921 | BF26: -0.10028208 | BG26: 0.066966725 | BH26: 1000 | BI26: 0.25029522 | BJ26: 0.36499276 | BK26: 9
A27: nested__physiological_features__valence__ternary__knn__aggregated__hc__emognition_features_w60_o30 | B27: physiological_features | C27: valence | D27: ternary | E27: knn__aggregated__hc__emognition_features_w60_o30 | F27: 5 | G27: emognition_features_w60_o30 | H27: aggregated | I27: hc | J27: knn | K27: trial | L27: 10 | M27: 332 | N27: 42 | O27: 42 | P27: TRUE | Q27: subject_class_macro_recall | R27: 0.34930466 | S27: 42 | T27: 0 | U27: {"{\"clf__n_neighbors\": 3, \"clf__p\": 2, \"clf__weights\": \"distance\"}": 6, "{\"clf__n_neighbors\": 3, \"clf__p\": 2, \"clf__weights\": \"uniform\"}": 14, "{\"clf__n_neighbors\": 5, \"clf__p\": 2, \"clf__weights\": \"distance\"}": 2, "{\"clf__n_neighbors\": 5, \"clf__p\": 2, \"clf__weights\": \"uniform\"}": 9, "{\"clf__n_neighbors\": 9, \"clf__p\": 2, \"clf__weights\": \"distance\"}": 5, "{\"clf__n_neighbors\": 9, \"clf__p\": 2, \"clf__weights\": \"uniform\"}": 6} | V27: {"clf__n_neighbors": 3, "clf__p": 2, "clf__weights": "uniform"} | W27: 0.33333333 | X27: FALSE | Y27: 5.6015343 | Z27: 0.3831171 | AA27: 945.54036 | AB27: 332 | AC27: 3 | AD27: 0.3313253 | AE27: 0.33302224 | AF27: 0.32743884 | AG27: 0.33302224 | AH27: 0.32570391 | AI27: -4.1288993e-05 | AJ27: [[47, 26, 31], [53, 23, 33], [41, 38, 40]] | AK27: 0.48675127 | AM27: 104 | AN27: 0.33333333 | AO27: 0.45192308 | AP27: 0.38367347 | AQ27: 109 | AR27: 0.26436782 | AS27: 0.21100917 | AT27: 0.23469388 | AU27: 119 | AV27: 0.38461538 | AW27: 0.33613445 | AX27: 0.35874439 | AY27: 1000 | AZ27: 0.27658776 | BA27: 0.38922156 | BB27: 0.28223499 | BC27: 0.39020774 | BD27: 0.27034218 | BE27: 0.3825495 | BF27: -0.080506956 | BG27: 0.086999536 | BH27: 1000 | BI27: 0.28879516 | BJ27: 0.41382242 | BK27: 5
A28: nested__physiological_features__valence__ternary__knn__aggregated__nvg__emognition_features_w60_o30 | B28: physiological_features | C28: valence | D28: ternary | E28: knn__aggregated__nvg__emognition_features_w60_o30 | F28: 6 | G28: emognition_features_w60_o30 | H28: aggregated | I28: nvg | J28: knn | K28: trial | L28: 10 | M28: 332 | N28: 42 | O28: 42 | P28: TRUE | Q28: subject_class_macro_recall | R28: 0.393635 | S28: 42 | T28: 0 | U28: {"{\"clf__n_neighbors\": 3, \"clf__p\": 2, \"clf__weights\": \"distance\"}": 10, "{\"clf__n_neighbors\": 3, \"clf__p\": 2, \"clf__weights\": \"uniform\"}": 6, "{\"clf__n_neighbors\": 5, \"clf__p\": 2, \"clf__weights\": \"distance\"}": 14, "{\"clf__n_neighbors\": 5, \"clf__p\": 2, \"clf__weights\": \"uniform\"}": 2, "{\"clf__n_neighbors\": 9, \"clf__p\": 2, \"clf__weights\": \"distance\"}": 6, "{\"clf__n_neighbors\": 9, \"clf__p\": 2, \"clf__weights\": \"uniform\"}": 4} | V28: {"clf__n_neighbors": 5, "clf__p": 2, "clf__weights": "distance"} | W28: 0.33333333 | X28: FALSE | Y28: 6.1176951 | Z28: 0.4194299 | AA28: 977.12563 | AB28: 332 | AC28: 3 | AD28: 0.36746988 | AE28: 0.37089444 | AF28: 0.36945874 | AG28: 0.37089444 | AH28: 0.36628571 | AI28: 0.055600225 | AJ28: [[48, 30, 26], [43, 38, 28], [38, 45, 36]] | AK28: 0.53942858 | AM28: 104 | AN28: 0.37209302 | AO28: 0.46153846 | AP28: 0.41201717 | AQ28: 109 | AR28: 0.33628319 | AS28: 0.34862385 | AT28: 0.34234234 | AU28: 119 | AV28: 0.4 | AW28: 0.30252101 | AX28: 0.34449761 | AY28: 1000 | AZ28: 0.32634731 | BA28: 0.41141576 | BB28: 0.32882086 | BC28: 0.41499373 | BD28: 0.32483491 | BE28: 0.40916358 | BF28: -0.0063396108 | BG28: 0.12024103 | BH28: 1000 | BI28: 0.33981779 | BJ28: 0.45276476 | BK28: 1
A29: nested__physiological_features__valence__ternary__knn__aggregated__hvg__emognition_features_w60_o30 | B29: physiological_features | C29: valence | D29: ternary | E29: knn__aggregated__hvg__emognition_features_w60_o30 | F29: 7 | G29: emognition_features_w60_o30 | H29: aggregated | I29: hvg | J29: knn | K29: trial | L29: 10 | M29: 332 | N29: 42 | O29: 42 | P29: TRUE | Q29: subject_class_macro_recall | R29: 0.37256811 | S29: 42 | T29: 0 | U29: {"{\"clf__n_neighbors\": 3, \"clf__p\": 2, \"clf__weights\": \"distance\"}": 1, "{\"clf__n_neighbors\": 3, \"clf__p\": 2, \"clf__weights\": \"uniform\"}": 3, "{\"clf__n_neighbors\": 5, \"clf__p\": 2, \"clf__weights\": \"distance\"}": 3, "{\"clf__n_neighbors\": 5, \"clf__p\": 2, \"clf__weights\": \"uniform\"}": 15, "{\"clf__n_neighbors\": 9, \"clf__p\": 2, \"clf__weights\": \"distance\"}": 4, "{\"clf__n_neighbors\": 9, \"clf__p\": 2, \"clf__weights\": \"uniform\"}": 16} | V29: {"clf__n_neighbors": 9, "clf__p": 2, "clf__weights": "uniform"} | W29: 0.38095238 | X29: FALSE | Y29: 6.2641772 | Z29: 0.411681 | AA29: 1033.2888 | AB29: 332 | AC29: 3 | AD29: 0.37650602 | AE29: 0.37478206 | AF29: 0.3677243 | AG29: 0.37478206 | AH29: 0.36571511 | AI29: 0.066169148 | AJ29: [[47, 29, 28], [50, 22, 37], [40, 23, 56]] | AK29: 0.50870652 | AM29: 104 | AN29: 0.34306569 | AO29: 0.45192308 | AP29: 0.39004149 | AQ29: 109 | AR29: 0.2972973 | AS29: 0.20183486 | AT29: 0.24043716 | AU29: 119 | AV29: 0.46280992 | AW29: 0.47058824 | AX29: 0.46666667 | AY29: 1000 | AZ29: 0.32831325 | BA29: 0.43296992 | BB29: 0.32901997 | BC29: 0.42643721 | BD29: 0.31948206 | BE29: 0.4167237 | BF29: -0.0029794856 | BG29: 0.14750752 | BH29: 1000 | BI29: 0.31816911 | BJ29: 0.43193709 | BK29: 2
A30: nested__physiological_features__valence__ternary__knn__aggregated__hc+nvg__emognition_features_w60_o30 | B30: physiological_features | C30: valence | D30: ternary | E30: knn__aggregated__hc+nvg__emognition_features_w60_o30 | F30: 8 | G30: emognition_features_w60_o30 | H30: aggregated | I30: hc+nvg | J30: knn | K30: trial | L30: 10 | M30: 332 | N30: 42 | O30: 42 | P30: TRUE | Q30: subject_class_macro_recall | R30: 0.35591927 | S30: 42 | T30: 0 | U30: {"{\"clf__n_neighbors\": 3, \"clf__p\": 2, \"clf__weights\": \"distance\"}": 14, "{\"clf__n_neighbors\": 3, \"clf__p\": 2, \"clf__weights\": \"uniform\"}": 7, "{\"clf__n_neighbors\": 5, \"clf__p\": 2, \"clf__weights\": \"distance\"}": 3, "{\"clf__n_neighbors\": 5, \"clf__p\": 2, \"clf__weights\": \"uniform\"}": 6, "{\"clf__n_neighbors\": 9, \"clf__p\": 2, \"clf__weights\": \"distance\"}": 5, "{\"clf__n_neighbors\": 9, \"clf__p\": 2, \"clf__weights\": \"uniform\"}": 7} | V30: {"clf__n_neighbors": 3, "clf__p": 2, "clf__weights": "distance"} | W30: 0.33333333 | X30: FALSE | Y30: 6.9608703 | Z30: 0.4852136 | AA30: 1099.9665 | AB30: 332 | AC30: 3 | AD30: 0.35240964 | AE30: 0.35369508 | AF30: 0.34836661 | AG30: 0.35369508 | AH30: 0.34518896 | AI30: 0.030343113 | AJ30: [[49, 19, 36], [49, 24, 36], [42, 33, 44]] | AK30: 0.50502576 | AM30: 104 | AN30: 0.35 | AO30: 0.47115385 | AP30: 0.40163934 | AQ30: 109 | AR30: 0.31578947 | AS30: 0.22018349 | AT30: 0.25945946 | AU30: 119 | AV30: 0.37931034 | AW30: 0.3697479 | AX30: 0.37446809 | AY30: 1000 | AZ30: 0.30118221 | BA30: 0.40062673 | BB30: 0.30518496 | BC30: 0.40398614 | BD30: 0.29445882 | BE30: 0.39236218 | BF30: -0.043287623 | BG30: 0.10567477 | BH30: 1000 | BI30: 0.30266139 | BJ30: 0.40582517 | BK30: 4
A31: nested__physiological_features__valence__ternary__knn__aggregated__hc+hvg__emognition_features_w60_o30 | B31: physiological_features | C31: valence | D31: ternary | E31: knn__aggregated__hc+hvg__emognition_features_w60_o30 | F31: 9 | G31: emognition_features_w60_o30 | H31: aggregated | I31: hc+hvg | J31: knn | K31: trial | L31: 10 | M31: 332 | N31: 42 | O31: 42 | P31: TRUE | Q31: subject_class_macro_recall | R31: 0.34502567 | S31: 42 | T31: 0 | U31: {"{\"clf__n_neighbors\": 3, \"clf__p\": 2, \"clf__weights\": \"distance\"}": 12, "{\"clf__n_neighbors\": 3, \"clf__p\": 2, \"clf__weights\": \"uniform\"}": 3, "{\"clf__n_neighbors\": 5, \"clf__p\": 2, \"clf__weights\": \"distance\"}": 9, "{\"clf__n_neighbors\": 5, \"clf__p\": 2, \"clf__weights\": \"uniform\"}": 8, "{\"clf__n_neighbors\": 9, \"clf__p\": 2, \"clf__weights\": \"distance\"}": 8, "{\"clf__n_neighbors\": 9, \"clf__p\": 2, \"clf__weights\": \"uniform\"}": 2} | V31: {"clf__n_neighbors": 3, "clf__p": 2, "clf__weights": "distance"} | W31: 0.28571429 | X31: FALSE | Y31: 7.0531836 | Z31: 0.4693104 | AA31: 1165.1574 | AB31: 332 | AC31: 3 | AD31: 0.35240964 | AE31: 0.35218901 | AF31: 0.34754606 | AG31: 0.35218901 | AH31: 0.34751257 | AI31: 0.02784912 | AJ31: [[44, 28, 32], [38, 26, 45], [41, 31, 47]] | AK31: 0.52385009 | AM31: 104 | AN31: 0.35772358 | AO31: 0.42307692 | AP31: 0.3876652 | AQ31: 109 | AR31: 0.30588235 | AS31: 0.23853211 | AT31: 0.26804124 | AU31: 119 | AV31: 0.37903226 | AW31: 0.39495798 | AX31: 0.38683128 | AY31: 1000 | AZ31: 0.30118221 | BA31: 0.3993994 | BB31: 0.30015198 | BC31: 0.40179857 | BD31: 0.29694918 | BE31: 0.39477073 | BF31: -0.047816579 | BG31: 0.10085433 | BH31: 1000 | BI31: 0.29244707 | BJ31: 0.39729047 | BK31: 6
A32: nested__physiological_features__arousal__ternary__knn__windowed__hc__emognition_features_w60_o30 | B32: physiological_features | C32: arousal | D32: ternary | E32: knn__windowed__hc__emognition_features_w60_o30 | F32: 0 | G32: emognition_features_w60_o30 | H32: windowed | I32: hc | J32: knn | K32: trial | L32: 10 | M32: 332 | N32: 42 | O32: 42 | P32: TRUE | Q32: subject_class_macro_recall | R32: 0.26720805 | S32: 42 | T32: 0 | U32: {"{\"clf__n_neighbors\": 3, \"clf__p\": 2, \"clf__weights\": \"distance\"}": 15, "{\"clf__n_neighbors\": 3, \"clf__p\": 2, \"clf__weights\": \"uniform\"}": 8, "{\"clf__n_neighbors\": 5, \"clf__p\": 2, \"clf__weights\": \"distance\"}": 3, "{\"clf__n_neighbors\": 5, \"clf__p\": 2, \"clf__weights\": \"uniform\"}": 3, "{\"clf__n_neighbors\": 9, \"clf__p\": 2, \"clf__weights\": \"distance\"}": 7, "{\"clf__n_neighbors\": 9, \"clf__p\": 2, \"clf__weights\": \"uniform\"}": 6} | V32: {"clf__n_neighbors": 3, "clf__p": 2, "clf__weights": "distance"} | W32: 0.35714286 | X32: FALSE | Y32: 7.6856038 | Z32: 0.5358705 | AA32: 1187.3375 | AB32: 332 | AC32: 3 | AD32: 0.30120482 | AE32: 0.26198691 | AF32: 0.25058275 | AG32: 0.26198691 | AH32: 0.25400999 | AI32: -0.10904694 | AJ32: [[26, 57, 20], [54, 68, 26], [30, 45, 6]] | AK32: 0.42318604 | AM32: 103 | AN32: 0.23636364 | AO32: 0.25242718 | AP32: 0.24413146 | AQ32: 148 | AR32: 0.4 | AS32: 0.45945946 | AT32: 0.42767296 | AU32: 81 | AV32: 0.11538462 | AW32: 0.074074074 | AX32: 0.090225564 | AY32: 1000 | AZ32: 0.24702291 | BA32: 0.35045317 | BB32: 0.21799114 | BC32: 0.30620591 | BD32: 0.20948228 | BE32: 0.29549338 | BF32: -0.17720061 | BG32: -0.040908368 | BH32: 1000 | BI32: 0.22055927 | BJ32: 0.31498339 | BK32: 10
A33: nested__physiological_features__arousal__ternary__knn__windowed__nvg__emognition_features_w60_o30 | B33: physiological_features | C33: arousal | D33: ternary | E33: knn__windowed__nvg__emognition_features_w60_o30 | F33: 1 | G33: emognition_features_w60_o30 | H33: windowed | I33: nvg | J33: knn | K33: trial | L33: 10 | M33: 332 | N33: 42 | O33: 42 | P33: TRUE | Q33: subject_class_macro_recall | R33: 0.31161662 | S33: 42 | T33: 0 | U33: {"{\"clf__n_neighbors\": 3, \"clf__p\": 2, \"clf__weights\": \"distance\"}": 5, "{\"clf__n_neighbors\": 3, \"clf__p\": 2, \"clf__weights\": \"uniform\"}": 11, "{\"clf__n_neighbors\": 5, \"clf__p\": 2, \"clf__weights\": \"distance\"}": 8, "{\"clf__n_neighbors\": 5, \"clf__p\": 2, \"clf__weights\": \"uniform\"}": 10, "{\"clf__n_neighbors\": 9, \"clf__p\": 2, \"clf__weights\": \"distance\"}": 5, "{\"clf__n_neighbors\": 9, \"clf__p\": 2, \"clf__weights\": \"uniform\"}": 3} | V33: {"clf__n_neighbors": 3, "clf__p": 2, "clf__weights": "uniform"} | W33: 0.26190476 | X33: FALSE | Y33: 8.6198813 | Z33: 0.5445038 | AA33: 1253.9588 | AB33: 332 | AC33: 3 | AD33: 0.38554217 | AE33: 0.33949483 | AF33: 0.3347913 | AG33: 0.33949483 | AH33: 0.33006372 | AI33: 0.010421984 | AJ33: [[35, 56, 12], [40, 84, 24], [21, 51, 9]] | AK33: 0.52351465 | AM33: 103 | AN33: 0.36458333 | AO33: 0.33980583 | AP33: 0.35175879 | AQ33: 148 | AR33: 0.43979058 | AS33: 0.56756757 | AT33: 0.49557522 | AU33: 81 | AV33: 0.2 | AW33: 0.11111111 | AX33: 0.14285714 | AY33: 1000 | AZ33: 0.33130043 | BA33: 0.44012867 | BB33: 0.29252772 | BC33: 0.38724583 | BD33: 0.27979809 | BE33: 0.3762653 | BF33: -0.070081631 | BG33: 0.092533382 | BH33: 1000 | BI33: 0.26476216 | BJ33: 0.36413333 | BK33: 9
... A41: nested__physiological_features__arousal__ternary__knn__aggregated__hc+hvg__emognition_features_w60_o30 | B41: physiological_features | C41: arousal | D41: ternary | E41: knn__aggregated__hc+hvg__emognition_features_w60_o30 | F41: 9 | G41: emognition_features_w60_o30 | H41: aggregated | I41: hc+hvg | J41: knn | K41: trial | L41: 10 | M41: 332 | N41: 42 | O41: 42 | P41: TRUE | Q41: subject_class_macro_recall | R41: 0.36247107 | S41: 42 | T41: 0 | U41: {"{\"clf__n_neighbors\": 3, \"clf__p\": 2, \"clf__weights\": \"distance\"}": 5, "{\"clf__n_neighbors\": 3, \"clf__p\": 2, \"clf__weights\": \"uniform\"}": 12, "{\"clf__n_neighbors\": 5, \"clf__p\": 2, \"clf__weights\": \"distance\"}": 7, "{\"clf__n_neighbors\": 5, \"clf__p\": 2, \"clf__weights\": \"uniform\"}": 11, "{\"clf__n_neighbors\": 9, \"clf__p\": 2, \"clf__weights\": \"distance\"}": 1, "{\"clf__n_neighbors\": 9, \"clf__p\": 2, \"clf__weights\": \"uniform\"}": 6} | V41: {"clf__n_neighbors": 3, "clf__p": 2, "clf__weights": "uniform"} | W41: 0.28571429 | X41: FALSE | Y41: 10.644091 | Z41: 0.642706 | AA41: 1586.6095 | AB41: 332 | AC41: 3 | AD41: 0.39457831 | AE41: 0.35468748 | AF41: 0.35088157 | AG41: 0.35468748 | AH41: 0.35019991 | AI41: 0.042275539 | AJ41: [[36, 47, 20], [41, 82, 25], [27, 41, 13]] | AK41: 0.51790418 | AM41: 103 | AN41: 0.34615385 | AO41: 0.34951456 | AP41: 0.34782609 | AQ41: 148 | AR41: 0.48235294 | AS41: 0.55405405 | AT41: 0.51572327 | AU41: 81 | AV41: 0.22413793 | AW41: 0.16049383 | AX41: 0.18705036 | AY41: 1000 | AZ41: 0.33330838 | BA41: 0.45619993 | BB41: 0.30869936 | BC41: 0.40335201 | BD41: 0.30125246 | BE41: 0.39814795 | BF41: -0.031738596 | BG41: 0.12213551 | BH41: 1000 | BI41: 0.30944053 | BJ41: 0.42091055 | BK41: 1
A42: experiment_id | B42: dataset_id | C42: target | D42: task_kind | E42: candidate_id | F42: candidate_order | G42: input_id | H42: input_mode | I42: representation | J42: model | K42: evaluation_unit | L42: total_candidate_count | M42: common_trial_count | N42: subjects_total | O42: outer_folds_run | P42: complete_loso | Q42: primary_metric | R42: primary_score | S42: primary_evaluable_subjects | T42: primary_excluded_subjects | U42: best_parameter_counts_json | V42: most_frequent_parameters_json | W42: parameter_stability_fraction | X42: quick_grid | Y42: inner_fit_seconds | Z42: outer_fit_seconds | AA42: target_run_seconds | AB42: n_samples | AC42: mae | AD42: rmse | AE42: r2 | AF42: spearman_rho | AG42: bootstrap_repeats | AH42: mae_ci_low | AI42: mae_ci_high | AJ42: rmse_ci_low | AK42: rmse_ci_high | AL42: r2_ci_low | AM42: r2_ci_high | AN42: spearman_rho_ci_low | AO42: spearman_rho_ci_high | AP42: primary_score_bootstrap_valid_repeats | AQ42: primary_score_ci_low | AR42: primary_score_ci_high | AS42: primary_rank_within_target
A43: nested__physiological_features__valence__regression__knn__windowed__hc__emognition_features_w60_o30 | B43: physiological_features | C43: valence | D43: regression | E43: knn__windowed__hc__emognition_features_w60_o30 | F43: 0 | G43: emognition_features_w60_o30 | H43: windowed | I43: hc | J43: knn | K43: trial | L43: 10 | M43: 332 | N43: 42 | O43: 42 | P43: TRUE | Q43: subject_macro_mae | R43: 2.0894255 | S43: 42 | T43: 0 | U43: {"{\"clf__n_neighbors\": 9, \"clf__p\": 2, \"clf__weights\": \"uniform\"}": 42} | V43: {"clf__n_neighbors": 9, "clf__p": 2, "clf__weights": "uniform"} | W43: 1 | X43: FALSE | Y43: 5.6389609 | Z43: 0.3301712 | AA43: 367.16682 | AB43: 332 | AC43: 2.0856555 | AD43: 2.3923745 | AE43: -0.099208613 | AF43: 0.0021979194 | AG43: 1000 | AH43: 1.9101372 | AI43: 2.2700079 | AJ43: 2.2128799 | AK43: 2.5861515 | AL43: -0.17716296 | AM43: -0.031607276 | AN43: -0.10998736 | AO43: 0.11459082 | AP43: 1000 | AQ43: 1.9144563 | AR43: 2.2749243 | AS43: 9
A44: nested__physiological_features__valence__regression__knn__windowed__nvg__emognition_features_w60_o30 | B44: physiological_features | C44: valence | D44: regression | E44: knn__windowed__nvg__emognition_features_w60_o30 | F44: 1 | G44: emognition_features_w60_o30 | H44: windowed | I44: nvg | J44: knn | K44: trial | L44: 10 | M44: 332 | N44: 42 | O44: 42 | P44: TRUE | Q44: subject_macro_mae | R44: 1.9724249 | S44: 42 | T44: 0 | U44: {"{\"clf__n_neighbors\": 9, \"clf__p\": 2, \"clf__weights\": \"uniform\"}": 42} | V44: {"clf__n_neighbors": 9, "clf__p": 2, "clf__weights": "uniform"} | W44: 1 | X44: FALSE | Y44: 6.0039533 | Z44: 0.3727414 | AA44: 393.7386 | AB44: 332 | AC44: 1.9703874 | AD44: 2.2809077 | AE44: 0.00083502324 | AF44: 0.14210654 | AG44: 1000 | AH44: 1.8215222 | AI44: 2.1150884 | AJ44: 2.1232093 | AK44: 2.4262783 | AL44: -0.064766272 | AM44: 0.058382492 | AN44: 0.025601209 | AO44: 0.25811618 | AP44: 1000 | AQ44: 1.825598 | AR44: 2.1166697 | AS44: 1
A45: nested__physiological_features__valence__regression__knn__windowed__hvg__emognition_features_w60_o30 | B45: physiological_features | C45: valence | D45: regression | E45: knn__windowed__hvg__emognition_features_w60_o30 | F45: 2 | G45: emognition_features_w60_o30 | H45: windowed | I45: hvg | J45: knn | K45: trial | L45: 10 | M45: 332 | N45: 42 | O45: 42 | P45: TRUE | Q45: subject_macro_mae | R45: 2.0437226 | S45: 42 | T45: 0 | U45: {"{\"clf__n_neighbors\": 5, \"clf__p\": 2, \"clf__weights\": \"uniform\"}": 2, "{\"clf__n_neighbors\": 9, \"clf__p\": 2, \"clf__weights\": \"distance\"}": 1, "{\"clf__n_neighbors\": 9, \"clf__p\": 2, \"clf__weights\": \"uniform\"}": 39} | V45: {"clf__n_neighbors": 9, "clf__p": 2, "clf__weights": "uniform"} | W45: 0.92857143 | X45: FALSE | Y45: 6.1692548 | Z45: 0.3884101 | AA45: 418.2213 | AB45: 332 | AC45: 2.0433011 | AD45: 2.357076 | AE45: -0.067011177 | AF45: -0.012301973 | AG45: 1000 | AH45: 1.8644073 | AI45: 2.2287076 | AJ45: 2.1795716 | AK45: 2.5366858 | AL45: -0.11481657 | AM45: -0.019349246 | AN45: -0.10499672 | AO45: 0.081014712 | AP45: 1000 | AQ45: 1.8634394 | AR45: 2.2307225 | AS45: 6
A46: nested__physiological_features__valence__regression__knn__windowed__hc+nvg__emognition_features_w60_o30 | B46: physiological_features | C46: valence | D46: regression | E46: knn__windowed__hc+nvg__emognition_features_w60_o30 | F46: 3 | G46: emognition_features_w60_o30 | H46: windowed | I46: hc+nvg | J46: knn | K46: trial | L46: 10 | M46: 332 | N46: 42 | O46: 42 | P46: TRUE | Q46: subject_macro_mae | R46: 2.0049995 | S46: 42 | T46: 0 | U46: {"{\"clf__n_neighbors\": 9, \"clf__p\": 2, \"clf__weights\": \"uniform\"}": 42} | V46: {"clf__n_neighbors": 9, "clf__p": 2, "clf__weights": "uniform"} | W46: 1 | X46: FALSE | Y46: 7.107194 | Z46: 0.4556985 | AA46: 442.71589 | AB46: 332 | AC46: 2.0027038 | AD46: 2.2970017 | AE46: -0.013314835 | AF46: 0.10941629 | AG46: 1000 | AH46: 1.8348705 | AI46: 2.184182 | AJ46: 2.1316845 | AK46: 2.4755405 | AL46: -0.07455954 | AM46: 0.044191103 | AN46: 0.0032051243 | AO46: 0.21405968 | AP46: 1000 | AQ46: 1.8340181 | AR46: 2.1834827 | AS46: 3
A47: nested__physiological_features__valence__regression__knn__windowed__hc+hvg__emognition_features_w60_o30 | B47: physiological_features | C47: valence | D47: regression | E47: knn__windowed__hc+hvg__emognition_features_w60_o30 | F47: 4 | G47: emognition_features_w60_o30 | H47: windowed | I47: hc+hvg | J47: knn | K47: trial | L47: 10 | M47: 332 | N47: 42 | O47: 42 | P47: TRUE | Q47: subject_macro_mae | R47: 2.0895596 | S47: 42 | T47: 0 | U47: {"{\"clf__n_neighbors\": 9, \"clf__p\": 2, \"clf__weights\": \"distance\"}": 23, "{\"clf__n_neighbors\": 9, \"clf__p\": 2, \"clf__weights\": \"uniform\"}": 19} | V47: {"clf__n_neighbors": 9, "clf__p": 2, "clf__weights": "distance"} | W47: 0.54761905 | X47: FALSE | Y47: 7.0159022 | Z47: 0.482716 | AA47: 467.15746 | AB47: 332 | AC47: 2.0892639 | AD47: 2.3885657 | AE47: -0.095711325 | AF47: -0.049615571 | AG47: 1000 | AH47: 1.9244235 | AI47: 2.2451808 | AJ47: 2.2213671 | AK47: 2.5342141 | AL47: -0.16496643 | AM47: -0.045090272 | AN47: -0.15831921 | AO47: 0.048453912 | AP47: 1000 | AQ47: 1.9274759 | AR47: 2.2447089 | AS47: 10
A48: nested__physiological_features__valence__regression__knn__aggregated__hc__emognition_features_w60_o30 | B48: physiological_features | C48: valence | D48: regression | E48: knn__aggregated__hc__emognition_features_w60_o30 | F48: 5 | G48: emognition_features_w60_o30 | H48: aggregated | I48: hc | J48: knn | K48: trial | L48: 10 | M48: 332 | N48: 42 | O48: 42 | P48: TRUE | Q48: subject_macro_mae | R48: 2.053389 | S48: 42 | T48: 0 | U48: {"{\"clf__n_neighbors\": 9, \"clf__p\": 2, \"clf__weights\": \"distance\"}": 31, "{\"clf__n_neighbors\": 9, \"clf__p\": 2, \"clf__weights\": \"uniform\"}": 11} | V48: {"clf__n_neighbors": 9, "clf__p": 2, "clf__weights": "distance"} | W48: 0.73809524 | X48: FALSE | Y48: 5.1811879 | Z48: 0.3571747 | AA48: 491.53578 | AB48: 332 | AC48: 2.0521898 | AD48: 2.3745482 | AE48: -0.082888508 | AF48: 0.037475863 | AG48: 1000 | AH48: 1.8826502 | AI48: 2.2525462 | AJ48: 2.2034284 | AK48: 2.5707307 | AL48: -0.16528207 | AM48: -0.0074735985 | AN48: -0.081221403 | AO48: 0.15102472 | AP48: 1000 | AQ48: 1.8845709 | AR48: 2.2542497 | AS48: 7
A49: nested__physiological_features__valence__regression__knn__aggregated__nvg__emognition_features_w60_o30 | B49: physiological_features | C49: valence | D49: regression | E49: knn__aggregated__nvg__emognition_features_w60_o30 | F49: 6 | G49: emognition_features_w60_o30 | H49: aggregated | I49: nvg | J49: knn | K49: trial | L49: 10 | M49: 332 | N49: 42 | O49: 42 | P49: TRUE | Q49: subject_macro_mae | R49: 1.9909579 | S49: 42 | T49: 0 | U49: {"{\"clf__n_neighbors\": 9, \"clf__p\": 2, \"clf__weights\": \"distance\"}": 31, "{\"clf__n_neighbors\": 9, \"clf__p\": 2, \"clf__weights\": \"uniform\"}": 11} | V49: {"clf__n_neighbors": 9, "clf__p": 2, "clf__weights": "distance"} | W49: 0.73809524 | X49: FALSE | Y49: 5.6956192 | Z49: 0.3933859 | AA49: 515.88767 | AB49: 332 | AC49: 1.9925877 | AD49: 2.3135627 | AE49: -0.027979182 | AF49: 0.16452822 | AG49: 1000 | AH49: 1.8410021 | AI49: 2.1600195 | AJ49: 2.1525087 | AK49: 2.4890487 | AL49: -0.099941725 | AM49: 0.039880878 | AN49: 0.079566367 | AO49: 0.24906397 | AP49: 1000 | AQ49: 1.8396031 | AR49: 2.1569477 | AS49: 2
A50: nested__physiological_features__valence__regression__knn__aggregated__hvg__emognition_features_w60_o30 | B50: physiological_features | C50: valence | D50: regression | E50: knn__aggregated__hvg__emognition_features_w60_o30 | F50: 7 | G50: emognition_features_w60_o30 | H50: aggregated | I50: hvg | J50: knn | K50: trial | L50: 10 | M50: 332 | N50: 42 | O50: 42 | P50: TRUE | Q50: subject_macro_mae | R50: 2.0419646 | S50: 42 | T50: 0 | U50: {"{\"clf__n_neighbors\": 5, \"clf__p\": 2, \"clf__weights\": \"uniform\"}": 6, "{\"clf__n_neighbors\": 9, \"clf__p\": 2, \"clf__weights\": \"distance\"}": 7, "{\"clf__n_neighbors\": 9, \"clf__p\": 2, \"clf__weights\": \"uniform\"}": 29} | V50: {"clf__n_neighbors": 9, "clf__p": 2, "clf__weights": "uniform"} | W50: 0.69047619 | X50: FALSE | Y50: 5.5967884 | Z50: 0.4020845 | AA50: 540.34775 | AB50: 332 | AC50: 2.0441112 | AD50: 2.3696069 | AE50: -0.078386415 | AF50: 0.10516727 | AG50: 1000 | AH50: 1.8755907 | AI50: 2.2009322 | AJ50: 2.1973489 | AK50: 2.5256264 | AL50: -0.17396836 | AM50: 0.0014571728 | AN50: 0.0025328626 | AO50: 0.20398083 | AP50: 1000 | AQ50: 1.8738762 | AR50: 2.2026055 | AS50: 5
A51: nested__physiological_features__valence__regression__knn__aggregated__hc+nvg__emognition_features_w60_o30 | B51: physiological_features | C51: valence | D51: regression | E51: knn__aggregated__hc+nvg__emognition_features_w60_o30 | F51: 8 | G51: emognition_features_w60_o30 | H51: aggregated | I51: hc+nvg | J51: knn | K51: trial | L51: 10 | M51: 332 | N51: 42 | O51: 42 | P51: TRUE | Q51: subject_macro_mae | R51: 2.0144854 | S51: 42 | T51: 0 | U51: {"{\"clf__n_neighbors\": 9, \"clf__p\": 2, \"clf__weights\": \"distance\"}": 27, "{\"clf__n_neighbors\": 9, \"clf__p\": 2, \"clf__weights\": \"uniform\"}": 15} | V51: {"clf__n_neighbors": 9, "clf__p": 2, "clf__weights": "distance"} | W51: 0.64285714 | X51: FALSE | Y51: 6.5080777 | Z51: 0.46896 | AA51: 564.78752 | AB51: 332 | AC51: 2.0162419 | AD51: 2.3527622 | AE51: -0.06310911 | AF51: 0.10114366 | AG51: 1000 | AH51: 1.8498913 | AI51: 2.1892157 | AJ51: 2.1920803 | AK51: 2.5250595 | AL51: -0.13718384 | AM51: 0.010821998 | AN51: 0.0066780234 | AO51: 0.20154286 | AP51: 1000 | AQ51: 1.8479752 | AR51: 2.1839606 | AS51: 4
A52: nested__physiological_features__valence__regression__knn__aggregated__hc+hvg__emognition_features_w60_o30 | B52: physiological_features | C52: valence | D52: regression | E52: knn__aggregated__hc+hvg__emognition_features_w60_o30 | F52: 9 | G52: emognition_features_w60_o30 | H52: aggregated | I52: hc+hvg | J52: knn | K52: trial | L52: 10 | M52: 332 | N52: 42 | O52: 42 | P52: TRUE | Q52: subject_macro_mae | R52: 2.0595236 | S52: 42 | T52: 0 | U52: {"{\"clf__n_neighbors\": 9, \"clf__p\": 2, \"clf__weights\": \"distance\"}": 39, "{\"clf__n_neighbors\": 9, \"clf__p\": 2, \"clf__weights\": \"uniform\"}": 3} | V52: {"clf__n_neighbors": 9, "clf__p": 2, "clf__weights": "distance"} | W52: 0.92857143 | X52: FALSE | Y52: 6.4337651 | Z52: 0.4998704 | AA52: 589.18099 | AB52: 332 | AC52: 2.0592696 | AD52: 2.3878823 | AE52: -0.095084476 | AF52: 0.058130195 | AG52: 1000 | AH52: 1.8955979 | AI52: 2.2286762 | AJ52: 2.2205557 | AK52: 2.5456437 | AL52: -0.1645758 | AM52: -0.038924027 | AN52: -0.01959265 | AO52: 0.1336089 | AP52: 1000 | AQ52: 1.8968081 | AR52: 2.2303332 | AS52: 8
A53: nested__physiological_features__arousal__regression__knn__windowed__hc__emognition_features_w60_o30 | B53: physiological_features | C53: arousal | D53: regression | E53: knn__windowed__hc__emognition_features_w60_o30 | F53: 0 | G53: emognition_features_w60_o30 | H53: windowed | I53: hc | J53: knn | K53: trial | L53: 10 | M53: 332 | N53: 42 | O53: 42 | P53: TRUE | Q53: subject_macro_mae | R53: 1.9056871 | S53: 42 | T53: 0 | U53: {"{\"clf__n_neighbors\": 9, \"clf__p\": 2, \"clf__weights\": \"distance\"}": 7, "{\"clf__n_neighbors\": 9, \"clf__p\": 2, \"clf__weights\": \"uniform\"}": 35} | V53: {"clf__n_neighbors": 9, "clf__p": 2, "clf__weights": "uniform"} | W53: 0.83333333 | X53: FALSE | Y53: 5.6187658 | Z53: 0.3426604 | AA53: 356.61566 | AB53: 332 | AC53: 1.9045375 | AD53: 2.2429924 | AE53: -0.26237201 | AF53: -0.20727556 | AG53: 1000 | AH53: 1.7361298 | AI53: 2.0833834 | AJ53: 2.0581234 | AK53: 2.4237143 | AL53: -0.40999223 | AM53: -0.16143242 | AN53: -0.35960931 | AO53: -0.056309507 | AP53: 1000 | AQ53: 1.740404 | AR53: 2.0821085 | AS53: 10
A54: nested__physiological_features__arousal__regression__knn__windowed__nvg__emognition_features_w60_o30 | B54: physiological_features | C54: arousal | D54: regression | E54: knn__windowed__nvg__emognition_features_w60_o30 | F54: 1 | G54: emognition_features_w60_o30 | H54: windowed | I54: nvg | J54: knn | K54: trial | L54: 10 | M54: 332 | N54: 42 | O54: 42 | P54: TRUE | Q54: subject_macro_mae | R54: 1.7640584 | S54: 42 | T54: 0 | U54: {"{\"clf__n_neighbors\": 9, \"clf__p\": 2, \"clf__weights\": \"distance\"}": 15, "{\"clf__n_neighbors\": 9, \"clf__p\": 2, \"clf__weights\": \"uniform\"}": 27} | V54: {"clf__n_neighbors": 9, "clf__p": 2, "clf__weights": "uniform"} | W54: 0.64285714 | X54: FALSE | Y54: 6.2470709 | Z54: 0.3969261 | AA54: 381.04977 | AB54: 332 | AC54: 1.7603492 | AD54: 2.0756221 | AE54: -0.081006596 | AF54: 0.0064420922 | AG54: 1000 | AH54: 1.6187851 | AI54: 1.9051195 | AJ54: 1.9353384 | AK54: 2.21234 | AL54: -0.19741002 | AM54: -0.015240932 | AN54: -0.10457367 | AO54: 0.12905673 | AP54: 1000 | AQ54: 1.6208615 | AR54: 1.9107656 | AS54: 4
... A62: nested__physiological_features__arousal__regression__knn__aggregated__hc+hvg__emognition_features_w60_o30 | B62: physiological_features | C62: arousal | D62: regression | E62: knn__aggregated__hc+hvg__emognition_features_w60_o30 | F62: 9 | G62: emognition_features_w60_o30 | H62: aggregated | I62: hc+hvg | J62: knn | K62: trial | L62: 10 | M62: 332 | N62: 42 | O62: 42 | P62: TRUE | Q62: subject_macro_mae | R62: 1.7907584 | S62: 42 | T62: 0 | U62: {"{\"clf__n_neighbors\": 9, \"clf__p\": 2, \"clf__weights\": \"distance\"}": 1, "{\"clf__n_neighbors\": 9, \"clf__p\": 2, \"clf__weights\": \"uniform\"}": 41} | V62: {"clf__n_neighbors": 9, "clf__p": 2, "clf__weights": "uniform"} | W62: 0.97619048 | X62: FALSE | Y62: 6.4353168 | Z62: 0.4345571 | AA62: 611.00448 | AB62: 332 | AC62: 1.7900688 | AD62: 2.1340028 | AE62: -0.14267237 | AF62: -0.03269444 | AG62: 1000 | AH62: 1.6173407 | AI62: 1.9607924 | AJ62: 1.9482856 | AK62: 2.3043484 | AL62: -0.27139179 | AM62: -0.052006365 | AN62: -0.16931292 | AO62: 0.12099082 | AP62: 1000 | AQ62: 1.61752 | AR62: 1.964764 | AS62: 8
A63: experiment_id | B63: dataset_id | C63: target | D63: task_kind | E63: candidate_id | F63: candidate_order | G63: input_id | H63: input_mode | I63: representation | J63: model | K63: evaluation_unit | L63: total_candidate_count | M63: common_trial_count | N63: subjects_total | O63: outer_folds_run | P63: complete_loso | Q63: primary_metric | R63: primary_score | S63: primary_evaluable_subjects | T63: primary_excluded_subjects | U63: best_parameter_counts_json | V63: most_frequent_parameters_json | W63: parameter_stability_fraction | X63: quick_grid | Y63: inner_fit_seconds | Z63: outer_fit_seconds | AA63: target_run_seconds | AB63: n_samples | AC63: classes_observed | AD63: accuracy | AE63: balanced_accuracy | AF63: macro_precision | AG63: macro_recall | AH63: macro_f1 | AI63: mcc | AJ63: confusion_matrix_json | AK63: roc_auc | AL63: average_precision | AM63: support__low | AN63: precision__low | AO63: recall__low | AP63: f1__low | AQ63: support__high | AR63: precision__high | AS63: recall__high | AT63: f1__high | AU63: tn | AV63: fp | AW63: fn | AX63: tp | AY63: bootstrap_repeats | AZ63: accuracy_ci_low | BA63: accuracy_ci_high | BB63: balanced_accuracy_ci_low | BC63: balanced_accuracy_ci_high | BD63: macro_f1_ci_low | BE63: macro_f1_ci_high | BF63: mcc_ci_low | BG63: mcc_ci_high | BH63: primary_score_bootstrap_valid_repeats | BI63: primary_score_ci_low | BJ63: primary_score_ci_high | BK63: primary_rank_within_target
A64: nested__physiological_features__valence__binary__svm__windowed__hc__emognition_features_w60_o30 | B64: physiological_features | C64: valence | D64: binary | E64: svm__windowed__hc__emognition_features_w60_o30 | F64: 0 | G64: emognition_features_w60_o30 | H64: windowed | I64: hc | J64: svm | K64: trial | L64: 10 | M64: 304 | N64: 42 | O64: 42 | P64: TRUE | Q64: subject_class_macro_recall | R64: 0.47765265 | S64: 42 | T64: 0 | U64: {"{\"clf__C\": 0.1, \"clf__gamma\": \"scale\"}": 17, "{\"clf__C\": 1.0, \"clf__gamma\": \"scale\"}": 9, "{\"clf__C\": 10.0, \"clf__gamma\": \"scale\"}": 16} | V64: {"clf__C": 0.1, "clf__gamma": "scale"} | W64: 0.4047619 | X64: FALSE | Y64: 11.749169 | Z64: 1.0476117 | AA64: 413.99471 | AB64: 304 | AC64: 2 | AD64: 0.49013158 | AE64: 0.48510453 | AF64: 0.48496241 | AG64: 0.48510453 | AH64: 0.48477393 | AI64: -0.029932727 | AJ64: [[59, 81], [74, 90]] | AK64: 0.46920732 | AL64: 0.52947706 | AM64: 140 | AN64: 0.44360902 | AO64: 0.42142857 | AP64: 0.43223443 | AQ64: 164 | AR64: 0.52631579 | AS64: 0.54878049 | AT64: 0.53731343 | AU64: 59 | AV64: 81 | AW64: 74 | AX64: 90 | AY64: 1000 | AZ64: 0.43477163 | BA64: 0.54222876 | BB64: 0.43195654 | BC64: 0.53550096 | BD64: 0.42961097 | BE64: 0.53517981 | BF64: -0.137067 | BG64: 0.071862047 | BH64: 1000 | BI64: 0.42697604 | BJ64: 0.52637603 | BK64: 10
A65: nested__physiological_features__valence__binary__svm__windowed__nvg__emognition_features_w60_o30 | B65: physiological_features | C65: valence | D65: binary | E65: svm__windowed__nvg__emognition_features_w60_o30 | F65: 1 | G65: emognition_features_w60_o30 | H65: windowed | I65: nvg | J65: svm | K65: trial | L65: 10 | M65: 304 | N65: 42 | O65: 42 | P65: TRUE | Q65: subject_class_macro_recall | R65: 0.52818912 | S65: 42 | T65: 0 | U65: {"{\"clf__C\": 0.1, \"clf__gamma\": \"scale\"}": 8, "{\"clf__C\": 1.0, \"clf__gamma\": \"scale\"}": 11, "{\"clf__C\": 10.0, \"clf__gamma\": \"scale\"}": 23} | V65: {"clf__C": 10.0, "clf__gamma": "scale"} | W65: 0.54761905 | X65: FALSE | Y65: 11.474925 | Z65: 1.1318634 | AA65: 457.3335 | AB65: 304 | AC65: 2 | AD65: 0.53289474 | AE65: 0.52630662 | AF65: 0.52693062 | AG65: 0.52630662 | AH65: 0.52548037 | AI65: 0.053233586 | AJ65: [[62, 78], [64, 100]] | AK65: 0.54085366 | AL65: 0.57831207 | AM65: 140 | AN65: 0.49206349 | AO65: 0.44285714 | AP65: 0.46616541 | AQ65: 164 | AR65: 0.56179775 | AS65: 0.6097561 | AT65: 0.58479532 | AU65: 62 | AV65: 78 | AW65: 64 | AX65: 100 | AY65: 1000 | AZ65: 0.47520408 | BA65: 0.58173341 | BB65: 0.46913367 | BC65: 0.57451277 | BD65: 0.4668389 | BE65: 0.57369154 | BF65: -0.062014838 | BG65: 0.1502182 | BH65: 1000 | BI65: 0.46932552 | BJ65: 0.5777877 | BK65: 3
A66: nested__physiological_features__valence__binary__svm__windowed__hvg__emognition_features_w60_o30 | B66: physiological_features | C66: valence | D66: binary | E66: svm__windowed__hvg__emognition_features_w60_o30 | F66: 2 | G66: emognition_features_w60_o30 | H66: windowed | I66: hvg | J66: svm | K66: trial | L66: 10 | M66: 304 | N66: 42 | O66: 42 | P66: TRUE | Q66: subject_class_macro_recall | R66: 0.49685927 | S66: 42 | T66: 0 | U66: {"{\"clf__C\": 0.1, \"clf__gamma\": \"scale\"}": 30, "{\"clf__C\": 1.0, \"clf__gamma\": \"scale\"}": 7, "{\"clf__C\": 10.0, \"clf__gamma\": \"scale\"}": 5} | V66: {"clf__C": 0.1, "clf__gamma": "scale"} | W66: 0.71428571 | X66: FALSE | Y66: 12.729109 | Z66: 1.1815051 | AA66: 500.92202 | AB66: 304 | AC66: 2 | AD66: 0.5 | AE66: 0.4858885 | AF66: 0.48395086 | AG66: 0.4858885 | AH66: 0.47526686 | AI66: -0.030098331 | AJ66: [[43, 97], [55, 109]] | AK66: 0.43858885 | AL66: 0.48755476 | AM66: 140 | AN66: 0.43877551 | AO66: 0.30714286 | AP66: 0.36134454 | AQ66: 164 | AR66: 0.52912621 | AS66: 0.66463415 | AT66: 0.58918919 | AU66: 43 | AV66: 97 | AW66: 55 | AX66: 109 | AY66: 1000 | AZ66: 0.45453829 | BA66: 0.54607581 | BB66: 0.44056654 | BC66: 0.5288309 | BD66: 0.42361116 | BE66: 0.51991095 | BF66: -0.12947845 | BG66: 0.062803167 | BH66: 1000 | BI66: 0.45613095 | BJ66: 0.53353571 | BK66: 6
A67: nested__physiological_features__valence__binary__svm__windowed__hc+nvg__emognition_features_w60_o30 | B67: physiological_features | C67: valence | D67: binary | E67: svm__windowed__hc+nvg__emognition_features_w60_o30 | F67: 3 | G67: emognition_features_w60_o30 | H67: windowed | I67: hc+nvg | J67: svm | K67: trial | L67: 10 | M67: 304 | N67: 42 | O67: 42 | P67: TRUE | Q67: subject_class_macro_recall | R67: 0.52797965 | S67: 42 | T67: 0 | U67: {"{\"clf__C\": 0.1, \"clf__gamma\": \"scale\"}": 1, "{\"clf__C\": 1.0, \"clf__gamma\": \"scale\"}": 25, "{\"clf__C\": 10.0, \"clf__gamma\": \"scale\"}": 16} | V67: {"clf__C": 1.0, "clf__gamma": "scale"} | W67: 0.5952381 | X67: FALSE | Y67: 13.583576 | Z67: 1.2958425 | AA67: 544.86199 | AB67: 304 | AC67: 2 | AD67: 0.52302632 | AE67: 0.51820557 | AF67: 0.51837928 | AG67: 0.51820557 | AH67: 0.51801432 | AI67: 0.036584444 | AJ67: [[64, 76], [69, 95]] | AK67: 0.53349303 | AL67: 0.5659382 | AM67: 140 | AN67: 0.48120301 | AO67: 0.45714286 | AP67: 0.46886447 | AQ67: 164 | AR67: 0.55555556 | AS67: 0.57926829 | AT67: 0.56716418 | AU67: 64 | AV67: 76 | AW67: 69 | AX67: 95 | AY67: 1000 | AZ67: 0.4705685 | BA67: 0.57705843 | BB67: 0.46665053 | BC67: 0.57131682 | BD67: 0.46448428 | BE67: 0.56910821 | BF67: -0.067174936 | BG67: 0.1439233 | BH67: 1000 | BI67: 0.47439484 | BJ67: 0.58055867 | BK67: 4
A68: nested__physiological_features__valence__binary__svm__windowed__hc+hvg__emognition_features_w60_o30 | B68: physiological_features | C68: valence | D68: binary | E68: svm__windowed__hc+hvg__emognition_features_w60_o30 | F68: 4 | G68: emognition_features_w60_o30 | H68: windowed | I68: hc+hvg | J68: svm | K68: trial | L68: 10 | M68: 304 | N68: 42 | O68: 42 | P68: TRUE | Q68: subject_class_macro_recall | R68: 0.48752904 | S68: 42 | T68: 0 | U68: {"{\"clf__C\": 0.1, \"clf__gamma\": \"scale\"}": 31, "{\"clf__C\": 1.0, \"clf__gamma\": \"scale\"}": 6, "{\"clf__C\": 10.0, \"clf__gamma\": \"scale\"}": 5} | V68: {"clf__C": 0.1, "clf__gamma": "scale"} | W68: 0.73809524 | X68: FALSE | Y68: 13.26489 | Z68: 1.2624036 | AA68: 589.20211 | AB68: 304 | AC68: 2 | AD68: 0.52302632 | AE68: 0.50879791 | AF68: 0.51006026 | AG68: 0.50879791 | AH68: 0.49867504 | AI68: 0.018815873 | AJ68: [[46, 94], [51, 113]] | AK68: 0.48135889 | AL68: 0.53264504 | AM68: 140 | AN68: 0.4742268 | AO68: 0.32857143 | AP68: 0.38818565 | AQ68: 164 | AR68: 0.54589372 | AS68: 0.68902439 | AT68: 0.60916442 | AU68: 46 | AV68: 94 | AW68: 51 | AX68: 113 | AY68: 1000 | AZ68: 0.47365883 | BA68: 0.57281634 | BB68: 0.45811433 | BC68: 0.55955693 | BD68: 0.43823088 | BE68: 0.5528806 | BF68: -0.092104156 | BG68: 0.12639045 | BH68: 1000 | BI68: 0.45178475 | BJ68: 0.52043735 | BK68: 7
A69: nested__physiological_features__valence__binary__svm__aggregated__hc__emognition_features_w60_o30 | B69: physiological_features | C69: valence | D69: binary | E69: svm__aggregated__hc__emognition_features_w60_o30 | F69: 5 | G69: emognition_features_w60_o30 | H69: aggregated | I69: hc | J69: svm | K69: trial | L69: 10 | M69: 304 | N69: 42 | O69: 42 | P69: TRUE | Q69: subject_class_macro_recall | R69: 0.48400185 | S69: 42 | T69: 0 | U69: {"{\"clf__C\": 0.1, \"clf__gamma\": \"scale\"}": 15, "{\"clf__C\": 1.0, \"clf__gamma\": \"scale\"}": 19, "{\"clf__C\": 10.0, \"clf__gamma\": \"scale\"}": 8} | V69: {"clf__C": 1.0, "clf__gamma": "scale"} | W69: 0.45238095 | X69: FALSE | Y69: 6.7245068 | Z69: 0.4984682 | AA69: 633.09261 | AB69: 304 | AC69: 2 | AD69: 0.49013158 | AE69: 0.48301394 | AF69: 0.48256983 | AG69: 0.48301394 | AH69: 0.48159965 | AI69: -0.034413365 | AJ69: [[55, 85], [70, 94]] | AK69: 0.48305749 | AL69: 0.54223113 | AM69: 140 | AN69: 0.44 | AO69: 0.39285714 | AP69: 0.41509434 | AQ69: 164 | AR69: 0.52513966 | AS69: 0.57317073 | AT69: 0.54810496 | AU69: 55 | AV69: 85 | AW69: 70 | AX69: 94 | AY69: 1000 | AZ69: 0.44334574 | BA69: 0.53334459 | BB69: 0.43773234 | BC69: 0.52651934 | BD69: 0.43485575 | BE69: 0.52448451 | BF69: -0.12826423 | BG69: 0.053086421 | BH69: 1000 | BI69: 0.44980159 | BJ69: 0.51495085 | BK69: 8
A70: nested__physiological_features__valence__binary__svm__aggregated__nvg__emognition_features_w60_o30 | B70: physiological_features | C70: valence | D70: binary | E70: svm__aggregated__nvg__emognition_features_w60_o30 | F70: 6 | G70: emognition_features_w60_o30 | H70: aggregated | I70: nvg | J70: svm | K70: trial | L70: 10 | M70: 304 | N70: 42 | O70: 42 | P70: TRUE | Q70: subject_class_macro_recall | R70: 0.5828335 | S70: 42 | T70: 0 | U70: {"{\"clf__C\": 1.0, \"clf__gamma\": \"scale\"}": 28, "{\"clf__C\": 10.0, \"clf__gamma\": \"scale\"}": 14} | V70: {"clf__C": 1.0, "clf__gamma": "scale"} | W70: 0.66666667 | X70: FALSE | Y70: 7.1040869 | Z70: 0.5382556 | AA70: 677.05179 | AB70: 304 | AC70: 2 | AD70: 0.56907895 | AE70: 0.56820557 | AF70: 0.56785389 | AG70: 0.56820557 | AH70: 0.56772716 | AI70: 0.13605901 | AJ70: [[78, 62], [69, 95]] | AK70: 0.59708188 | AL70: 0.60044833 | AM70: 140 | AN70: 0.53061224 | AO70: 0.55714286 | AP70: 0.54355401 | AQ70: 164 | AR70: 0.60509554 | AS70: 0.57926829 | AT70: 0.59190031 | AU70: 78 | AV70: 62 | AW70: 69 | AX70: 95 | AY70: 1000 | AZ70: 0.51315789 | BA70: 0.62544955 | BB70: 0.51077583 | BC70: 0.62647289 | BD70: 0.51065062 | BE70: 0.62478934 | BF70: 0.02147191 | BG70: 0.25112528 | BH70: 1000 | BI70: 0.5226666 | BJ70: 0.64437329 | BK70: 2
A71: nested__physiological_features__valence__binary__svm__aggregated__hvg__emognition_features_w60_o30 | B71: physiological_features | C71: valence | D71: binary | E71: svm__aggregated__hvg__emognition_features_w60_o30 | F71: 7 | G71: emognition_features_w60_o30 | H71: aggregated | I71: hvg | J71: svm | K71: trial | L71: 10 | M71: 304 | N71: 42 | O71: 42 | P71: TRUE | Q71: subject_class_macro_recall | R71: 0.50501217 | S71: 42 | T71: 0 | U71: {"{\"clf__C\": 0.1, \"clf__gamma\": \"scale\"}": 5, "{\"clf__C\": 1.0, \"clf__gamma\": \"scale\"}": 17, "{\"clf__C\": 10.0, \"clf__gamma\": \"scale\"}": 20} | V71: {"clf__C": 10.0, "clf__gamma": "scale"} | W71: 0.47619048 | X71: FALSE | Y71: 7.3703659 | Z71: 0.5562913 | AA71: 720.74411 | AB71: 304 | AC71: 2 | AD71: 0.51315789 | AE71: 0.50174216 | AF71: 0.50188964 | AG71: 0.50174216 | AH71: 0.49605735 | AI71: 0.0036288092 | AJ71: [[50, 90], [58, 106]] | AK71: 0.50993031 | AL71: 0.56967459 | AM71: 140 | AN71: 0.46296296 | AO71: 0.35714286 | AP71: 0.40322581 | AQ71: 164 | AR71: 0.54081633 | AS71: 0.64634146 | AT71: 0.58888889 | AU71: 50 | AV71: 90 | AW71: 58 | AX71: 106 | AY71: 1000 | AZ71: 0.45204105 | BA71: 0.56959062 | BB71: 0.44238159 | BC71: 0.55917784 | BD71: 0.43050298 | BE71: 0.55394882 | BF71: -0.12263404 | BG71: 0.12201559 | BH71: 1000 | BI71: 0.45289544 | BJ71: 0.5549752 | BK71: 5
A72: nested__physiological_features__valence__binary__svm__aggregated__hc+nvg__emognition_features_w60_o30 | B72: physiological_features | C72: valence | D72: binary | E72: svm__aggregated__hc+nvg__emognition_features_w60_o30 | F72: 8 | G72: emognition_features_w60_o30 | H72: aggregated | I72: hc+nvg | J72: svm | K72: trial | L72: 10 | M72: 304 | N72: 42 | O72: 42 | P72: TRUE | Q72: subject_class_macro_recall | R72: 0.61239907 | S72: 42 | T72: 0 | U72: {"{\"clf__C\": 1.0, \"clf__gamma\": \"scale\"}": 28, "{\"clf__C\": 10.0, \"clf__gamma\": \"scale\"}": 14} | V72: {"clf__C": 1.0, "clf__gamma": "scale"} | W72: 0.66666667 | X72: FALSE | Y72: 8.0277301 | Z72: 0.6094113 | AA72: 764.86882 | AB72: 304 | AC72: 2 | AD72: 0.60855263 | AE72: 0.60479094 | AF72: 0.60545694 | AG72: 0.60479094 | AH72: 0.60495768 | AI72: 0.21024682 | AJ72: [[78, 62], [57, 107]] | AK72: 0.6043554 | AL72: 0.61546015 | AM72: 140 | AN72: 0.57777778 | AO72: 0.55714286 | AP72: 0.56727273 | AQ72: 164 | AR72: 0.63313609 | AS72: 0.65243902 | AT72: 0.64264264 | AU72: 78 | AV72: 62 | AW72: 57 | AX72: 107 | AY72: 1000 | AZ72: 0.5650585 | BA72: 0.65131579 | BB72: 0.56116999 | BC72: 0.64851807 | BD72: 0.56116556 | BE72: 0.64876904 | BF72: 0.12258896 | BG72: 0.29914514 | BH72: 1000 | BI72: 0.56533533 | BJ72: 0.66156435 | BK72: 1
A73: nested__physiological_features__valence__binary__svm__aggregated__hc+hvg__emognition_features_w60_o30 | B73: physiological_features | C73: valence | D73: binary | E73: svm__aggregated__hc+hvg__emognition_features_w60_o30 | F73: 9 | G73: emognition_features_w60_o30 | H73: aggregated | I73: hc+hvg | J73: svm | K73: trial | L73: 10 | M73: 304 | N73: 42 | O73: 42 | P73: TRUE | Q73: subject_class_macro_recall | R73: 0.47864748 | S73: 42 | T73: 0 | U73: {"{\"clf__C\": 0.1, \"clf__gamma\": \"scale\"}": 7, "{\"clf__C\": 1.0, \"clf__gamma\": \"scale\"}": 22, "{\"clf__C\": 10.0, \"clf__gamma\": \"scale\"}": 13} | V73: {"clf__C": 1.0, "clf__gamma": "scale"} | W73: 0.52380952 | X73: FALSE | Y73: 8.1447422 | Z73: 0.6066905 | AA73: 808.20342 | AB73: 304 | AC73: 2 | AD73: 0.49342105 | AE73: 0.48397213 | AF73: 0.48312546 | AG73: 0.48397213 | AH73: 0.48046875 | AI73: -0.032891521 | AJ73: [[51, 89], [65, 99]] | AK73: 0.50705575 | AL73: 0.55136993 | AM73: 140 | AN73: 0.43965517 | AO73: 0.36428571 | AP73: 0.3984375 | AQ73: 164 | AR73: 0.52659574 | AS73: 0.60365854 | AT73: 0.5625 | AU73: 51 | AV73: 89 | AW73: 65 | AX73: 99 | AY73: 1000 | AZ73: 0.45666667 | BA73: 0.52769184 | BB73: 0.44568552 | BC73: 0.51916511 | BD73: 0.44094041 | BE73: 0.51522052 | BF73: -0.11184844 | BG73: 0.038796811 | BH73: 1000 | BI73: 0.4406041 | BJ73: 0.51383029 | BK73: 9
A74: nested__physiological_features__arousal__binary__svm__windowed__hc__emognition_features_w60_o30 | B74: physiological_features | C74: arousal | D74: binary | E74: svm__windowed__hc__emognition_features_w60_o30 | F74: 0 | G74: emognition_features_w60_o30 | H74: windowed | I74: hc | J74: svm | K74: trial | L74: 10 | M74: 278 | N74: 42 | O74: 42 | P74: TRUE | Q74: subject_class_macro_recall | R74: 0.47969718 | S74: 42 | T74: 0 | U74: {"{\"clf__C\": 0.1, \"clf__gamma\": \"scale\"}": 13, "{\"clf__C\": 1.0, \"clf__gamma\": \"scale\"}": 13, "{\"clf__C\": 10.0, \"clf__gamma\": \"scale\"}": 16} | V74: {"clf__C": 10.0, "clf__gamma": "scale"} | W74: 0.38095238 | X74: FALSE | Y74: 13.040896 | Z74: 1.1307391 | AA74: 450.98934 | AB74: 278 | AC74: 2 | AD74: 0.46402878 | AE74: 0.4609428 | AF74: 0.46107069 | AG74: 0.4609428 | AH74: 0.46095285 | AI74: -0.077986413 | AJ74: [[75, 76], [73, 54]] | AK74: 0.42968139 | AL74: 0.39602626 | AM74: 151 | AN74: 0.50675676 | AO74: 0.49668874 | AP74: 0.50167224 | AQ74: 127 | AR74: 0.41538462 | AS74: 0.42519685 | AT74: 0.42023346 | AU74: 75 | AV74: 76 | AW74: 73 | AX74: 54 | AY74: 1000 | AZ74: 0.38570779 | BA74: 0.54152379 | BB74: 0.38462998 | BC74: 0.54141427 | BD74: 0.38117973 | BE74: 0.53440312 | BF74: -0.22831091 | BG74: 0.081227306 | BH74: 1000 | BI74: 0.40881984 | BJ74: 0.54857856 | BK74: 4
A75: nested__physiological_features__arousal__binary__svm__windowed__nvg__emognition_features_w60_o30 | B75: physiological_features | C75: arousal | D75: binary | E75: svm__windowed__nvg__emognition_features_w60_o30 | F75: 1 | G75: emognition_features_w60_o30 | H75: windowed | I75: nvg | J75: svm | K75: trial | L75: 10 | M75: 278 | N75: 42 | O75: 42 | P75: TRUE | Q75: subject_class_macro_recall | R75: 0.48397791 | S75: 42 | T75: 0 | U75: {"{\"clf__C\": 1.0, \"clf__gamma\": \"scale\"}": 21, "{\"clf__C\": 10.0, \"clf__gamma\": \"scale\"}": 21} | V75: {"clf__C": 1.0, "clf__gamma": "scale"} | W75: 0.5 | X75: FALSE | Y75: 12.576368 | Z75: 1.1771993 | AA75: 494.64429 | AB75: 278 | AC75: 2 | AD75: 0.5 | AE75: 0.50093862 | AF75: 0.50093206 | AG75: 0.50093862 | AH75: 0.49947541 | AI75: 0.0018706759 | AJ75: [[74, 77], [62, 65]] | AK75: 0.51238463 | AL75: 0.46933874 | AM75: 151 | AN75: 0.54411765 | AO75: 0.49006623 | AP75: 0.51567944 | AQ75: 127 | AR75: 0.45774648 | AS75: 0.51181102 | AT75: 0.48327138 | AU75: 74 | AV75: 77 | AW75: 62 | AX75: 65 | AY75: 1000 | AZ75: 0.42545251 | BA75: 0.58427689 | BB75: 0.42612786 | BC75: 0.58336397 | BD75: 0.42147097 | BE75: 0.5811632 | BF75: -0.14662123 | BG75: 0.16641751 | BH75: 1000 | BI75: 0.41187876 | BJ75: 0.5629839 | BK75: 3
... A83: nested__physiological_features__arousal__binary__svm__aggregated__hc+hvg__emognition_features_w60_o30 | B83: physiological_features | C83: arousal | D83: binary | E83: svm__aggregated__hc+hvg__emognition_features_w60_o30 | F83: 9 | G83: emognition_features_w60_o30 | H83: aggregated | I83: hc+hvg | J83: svm | K83: trial | L83: 10 | M83: 278 | N83: 42 | O83: 42 | P83: TRUE | Q83: subject_class_macro_recall | R83: 0.42242276 | S83: 42 | T83: 0 | U83: {"{\"clf__C\": 0.1, \"clf__gamma\": \"scale\"}": 14, "{\"clf__C\": 1.0, \"clf__gamma\": \"scale\"}": 7, "{\"clf__C\": 10.0, \"clf__gamma\": \"scale\"}": 21} | V83: {"clf__C": 10.0, "clf__gamma": "scale"} | W83: 0.5 | X83: FALSE | Y83: 9.316173 | Z83: 0.7674264 | AA83: 840.38891 | AB83: 278 | AC83: 2 | AD83: 0.35971223 | AE83: 0.35865881 | AF83: 0.35971223 | AG83: 0.35865881 | AH83: 0.35851698 | AI83: -0.28162699 | AJ83: [[56, 95], [83, 44]] | AK83: 0.33602753 | AL83: 0.36904812 | AM83: 151 | AN83: 0.4028777 | AO83: 0.37086093 | AP83: 0.3862069 | AQ83: 127 | AR83: 0.31654676 | AS83: 0.34645669 | AT83: 0.33082707 | AU83: 56 | AV83: 95 | AW83: 83 | AX83: 44 | AY83: 1000 | AZ83: 0.28460832 | BA83: 0.43913277 | BB83: 0.28427488 | BC83: 0.43886738 | BD83: 0.28214158 | BE83: 0.43387451 | BF83: -0.42920361 | BG83: -0.12314582 | BH83: 1000 | BI83: 0.35966294 | BJ83: 0.48029292 | BK83: 10
A84: experiment_id | B84: dataset_id | C84: target | D84: task_kind | E84: candidate_id | F84: candidate_order | G84: input_id | H84: input_mode | I84: representation | J84: model | K84: evaluation_unit | L84: total_candidate_count | M84: common_trial_count | N84: subjects_total | O84: outer_folds_run | P84: complete_loso | Q84: primary_metric | R84: primary_score | S84: primary_evaluable_subjects | T84: primary_excluded_subjects | U84: best_parameter_counts_json | V84: most_frequent_parameters_json | W84: parameter_stability_fraction | X84: quick_grid | Y84: inner_fit_seconds | Z84: outer_fit_seconds | AA84: target_run_seconds | AB84: n_samples | AC84: classes_observed | AD84: accuracy | AE84: balanced_accuracy | AF84: macro_precision | AG84: macro_recall | AH84: macro_f1 | AI84: mcc | AJ84: confusion_matrix_json | AK84: roc_auc | AL84: average_precision | AM84: support__low | AN84: precision__low | AO84: recall__low | AP84: f1__low | AQ84: support__middle | AR84: precision__middle | AS84: recall__middle | AT84: f1__middle | AU84: support__high | AV84: precision__high | AW84: recall__high | AX84: f1__high | AY84: bootstrap_repeats | AZ84: accuracy_ci_low | BA84: accuracy_ci_high | BB84: balanced_accuracy_ci_low | BC84: balanced_accuracy_ci_high | BD84: macro_f1_ci_low | BE84: macro_f1_ci_high | BF84: mcc_ci_low | BG84: mcc_ci_high | BH84: primary_score_bootstrap_valid_repeats | BI84: primary_score_ci_low | BJ84: primary_score_ci_high | BK84: primary_rank_within_target
A85: nested__physiological_features__valence__ternary__svm__windowed__hc__emognition_features_w60_o30 | B85: physiological_features | C85: valence | D85: ternary | E85: svm__windowed__hc__emognition_features_w60_o30 | F85: 0 | G85: emognition_features_w60_o30 | H85: windowed | I85: hc | J85: svm | K85: trial | L85: 10 | M85: 332 | N85: 42 | O85: 42 | P85: TRUE | Q85: subject_class_macro_recall | R85: 0.28821851 | S85: 42 | T85: 0 | U85: {"{\"clf__C\": 0.1, \"clf__gamma\": \"scale\"}": 17, "{\"clf__C\": 1.0, \"clf__gamma\": \"scale\"}": 16, "{\"clf__C\": 10.0, \"clf__gamma\": \"scale\"}": 9} | V85: {"clf__C": 0.1, "clf__gamma": "scale"} | W85: 0.4047619 | X85: FALSE | Y85: 17.02099 | Z85: 1.542298 | AA85: 907.33051 | AB85: 332 | AC85: 3 | AD85: 0.29216867 | AE85: 0.28727843 | AF85: 0.28389577 | AG85: 0.28727843 | AH85: 0.28340657 | AI85: -0.069022195 | AJ85: [[22, 34, 48], [33, 26, 50], [36, 34, 49]] | AK85: 0.43404692 | AM85: 104 | AN85: 0.24175824 | AO85: 0.21153846 | AP85: 0.22564103 | AQ85: 109 | AR85: 0.27659574 | AS85: 0.23853211 | AT85: 0.25615764 | AU85: 119 | AV85: 0.33333333 | AW85: 0.41176471 | AX85: 0.36842105 | AY85: 1000 | AZ85: 0.24404583 | BA85: 0.33939394 | BB85: 0.23862141 | BC85: 0.33418647 | BD85: 0.2342949 | BE85: 0.3305151 | BF85: -0.1448514 | BG85: 0.0041365846 | BH85: 1000 | BI85: 0.24606894 | BJ85: 0.33214108 | BK85: 10
A86: nested__physiological_features__valence__ternary__svm__windowed__nvg__emognition_features_w60_o30 | B86: physiological_features | C86: valence | D86: ternary | E86: svm__windowed__nvg__emognition_features_w60_o30 | F86: 1 | G86: emognition_features_w60_o30 | H86: windowed | I86: nvg | J86: svm | K86: trial | L86: 10 | M86: 332 | N86: 42 | O86: 42 | P86: TRUE | Q86: subject_class_macro_recall | R86: 0.37751747 | S86: 42 | T86: 0 | U86: {"{\"clf__C\": 0.1, \"clf__gamma\": \"scale\"}": 1, "{\"clf__C\": 1.0, \"clf__gamma\": \"scale\"}": 18, "{\"clf__C\": 10.0, \"clf__gamma\": \"scale\"}": 23} | V86: {"clf__C": 10.0, "clf__gamma": "scale"} | W86: 0.54761905 | X86: FALSE | Y86: 16.569919 | Z86: 1.7549467 | AA86: 946.53728 | AB86: 332 | AC86: 3 | AD86: 0.37951807 | AE86: 0.3788298 | AF86: 0.37898099 | AG86: 0.3788298 | AH86: 0.3788889 | AI86: 0.067545645 | AJ86: [[38, 34, 32], [27, 41, 41], [37, 35, 47]] | AK86: 0.54668787 | AM86: 104 | AN86: 0.37254902 | AO86: 0.36538462 | AP86: 0.36893204 | AQ86: 109 | AR86: 0.37272727 | AS86: 0.37614679 | AT86: 0.37442922 | AU86: 119 | AV86: 0.39166667 | AW86: 0.39495798 | AX86: 0.39330544 | AY86: 1000 | AZ86: 0.33030303 | BA86: 0.43388589 | BB86: 0.32826188 | BC86: 0.43568741 | BD86: 0.32739156 | BE86: 0.43254667 | BF86: -0.0080313201 | BG86: 0.15215737 | BH86: 1000 | BI86: 0.32958027 | BJ86: 0.43329548 | BK86: 2
A87: nested__physiological_features__valence__ternary__svm__windowed__hvg__emognition_features_w60_o30 | B87: physiological_features | C87: valence | D87: ternary | E87: svm__windowed__hvg__emognition_features_w60_o30 | F87: 2 | G87: emognition_features_w60_o30 | H87: windowed | I87: hvg | J87: svm | K87: trial | L87: 10 | M87: 332 | N87: 42 | O87: 42 | P87: TRUE | Q87: subject_class_macro_recall | R87: 0.34675153 | S87: 42 | T87: 0 | U87: {"{\"clf__C\": 0.1, \"clf__gamma\": \"scale\"}": 17, "{\"clf__C\": 1.0, \"clf__gamma\": \"scale\"}": 16, "{\"clf__C\": 10.0, \"clf__gamma\": \"scale\"}": 9} | V87: {"clf__C": 0.1, "clf__gamma": "scale"} | W87: 0.4047619 | X87: FALSE | Y87: 19.113135 | Z87: 1.8825193 | AA87: 986.62553 | AB87: 332 | AC87: 3 | AD87: 0.36445783 | AE87: 0.36328229 | AF87: 0.36356373 | AG87: 0.36328229 | AH87: 0.36291328 | AI87: 0.046210699 | AJ87: [[38, 33, 33], [38, 35, 36], [39, 32, 48]] | AK87: 0.51967222 | AM87: 104 | AN87: 0.33043478 | AO87: 0.36538462 | AP87: 0.34703196 | AQ87: 109 | AR87: 0.35 | AS87: 0.32110092 | AT87: 0.33492823 | AU87: 119 | AV87: 0.41025641 | AW87: 0.40336134 | AX87: 0.40677966 | AY87: 1000 | AZ87: 0.3181614 | BA87: 0.40543593 | BB87: 0.31788622 | BC87: 0.40265422 | BD87: 0.3162637 | BE87: 0.4016933 | BF87: -0.02208176 | BG87: 0.10719175 | BH87: 1000 | BI87: 0.30283016 | BJ87: 0.38780646 | BK87: 6
A88: nested__physiological_features__valence__ternary__svm__windowed__hc+nvg__emognition_features_w60_o30 | B88: physiological_features | C88: valence | D88: ternary | E88: svm__windowed__hc+nvg__emognition_features_w60_o30 | F88: 3 | G88: emognition_features_w60_o30 | H88: windowed | I88: hc+nvg | J88: svm | K88: trial | L88: 10 | M88: 332 | N88: 42 | O88: 42 | P88: TRUE | Q88: subject_class_macro_recall | R88: 0.35103409 | S88: 42 | T88: 0 | U88: {"{\"clf__C\": 1.0, \"clf__gamma\": \"scale\"}": 24, "{\"clf__C\": 10.0, \"clf__gamma\": \"scale\"}": 18} | V88: {"clf__C": 1.0, "clf__gamma": "scale"} | W88: 0.57142857 | X88: FALSE | Y88: 20.653831 | Z88: 2.1116653 | AA88: 1026.4567 | AB88: 332 | AC88: 3 | AD88: 0.36746988 | AE88: 0.36538536 | AF88: 0.36706504 | AG88: 0.36538536 | AH88: 0.36534216 | AI88: 0.047288892 | AJ88: [[35, 30, 39], [26, 37, 46], [36, 33, 50]] | AK88: 0.53726605 | AM88: 104 | AN88: 0.36082474 | AO88: 0.33653846 | AP88: 0.34825871 | AQ88: 109 | AR88: 0.37 | AS88: 0.33944954 | AT88: 0.35406699 | AU88: 119 | AV88: 0.37037037 | AW88: 0.42016807 | AX88: 0.39370079 | AY88: 1000 | AZ88: 0.32424034 | BA88: 0.41641337 | BB88: 0.32145885 | BC88: 0.41548997 | BD88: 0.32047969 | BE88: 0.41340662 | BF88: -0.021263716 | BG88: 0.12158142 | BH88: 1000 | BI88: 0.30611515 | BJ88: 0.40078212 | BK88: 5
A89: nested__physiological_features__valence__ternary__svm__windowed__hc+hvg__emognition_features_w60_o30 | B89: physiological_features | C89: valence | D89: ternary | E89: svm__windowed__hc+hvg__emognition_features_w60_o30 | F89: 4 | G89: emognition_features_w60_o30 | H89: windowed | I89: hc+hvg | J89: svm | K89: trial | L89: 10 | M89: 332 | N89: 42 | O89: 42 | P89: TRUE | Q89: subject_class_macro_recall | R89: 0.31571103 | S89: 42 | T89: 0 | U89: {"{\"clf__C\": 0.1, \"clf__gamma\": \"scale\"}": 11, "{\"clf__C\": 1.0, \"clf__gamma\": \"scale\"}": 15, "{\"clf__C\": 10.0, \"clf__gamma\": \"scale\"}": 16} | V89: {"clf__C": 10.0, "clf__gamma": "scale"} | W89: 0.38095238 | X89: FALSE | Y89: 20.567593 | Z89: 1.9432268 | AA89: 1066.1409 | AB89: 332 | AC89: 3 | AD89: 0.32831325 | AE89: 0.32430802 | AF89: 0.32351756 | AG89: 0.32430802 | AH89: 0.31910575 | AI89: -0.015844985 | AJ89: [[33, 25, 46], [28, 22, 59], [30, 35, 54]] | AK89: 0.49572302 | AM89: 104 | AN89: 0.36263736 | AO89: 0.31730769 | AP89: 0.33846154 | AQ89: 109 | AR89: 0.26829268 | AS89: 0.20183486 | AT89: 0.23036649 | AU89: 119 | AV89: 0.33962264 | AW89: 0.45378151 | AX89: 0.38848921 | AY89: 1000 | AZ89: 0.27794562 | BA89: 0.37650602 | BB89: 0.27579013 | BC89: 0.37249967 | BD89: 0.26396506 | BE89: 0.36458914 | BF89: -0.090025016 | BG89: 0.058320818 | BH89: 1000 | BI89: 0.27175465 | BJ89: 0.35894373 | BK89: 8
A90: nested__physiological_features__valence__ternary__svm__aggregated__hc__emognition_features_w60_o30 | B90: physiological_features | C90: valence | D90: ternary | E90: svm__aggregated__hc__emognition_features_w60_o30 | F90: 5 | G90: emognition_features_w60_o30 | H90: aggregated | I90: hc | J90: svm | K90: trial | L90: 10 | M90: 332 | N90: 42 | O90: 42 | P90: TRUE | Q90: subject_class_macro_recall | R90: 0.29398802 | S90: 42 | T90: 0 | U90: {"{\"clf__C\": 0.1, \"clf__gamma\": \"scale\"}": 21, "{\"clf__C\": 1.0, \"clf__gamma\": \"scale\"}": 14, "{\"clf__C\": 10.0, \"clf__gamma\": \"scale\"}": 7} | V90: {"clf__C": 0.1, "clf__gamma": "scale"} | W90: 0.5 | X90: FALSE | Y90: 8.8290848 | Z90: 0.6636485 | AA90: 1106.1538 | AB90: 332 | AC90: 3 | AD90: 0.31325301 | AE90: 0.31735464 | AF90: 0.30954826 | AG90: 0.31735464 | AH90: 0.29966672 | AI90: -0.026632087 | AJ90: [[53, 19, 32], [51, 18, 40], [62, 24, 33]] | AK90: 0.50566004 | AM90: 104 | AN90: 0.31927711 | AO90: 0.50961538 | AP90: 0.39259259 | AQ90: 109 | AR90: 0.29508197 | AS90: 0.16513761 | AT90: 0.21176471 | AU90: 119 | AV90: 0.31428571 | AW90: 0.27731092 | AX90: 0.29464286 | AY90: 1000 | AZ90: 0.26486987 | BA90: 0.35843373 | BB90: 0.26995723 | BC90: 0.3611241 | BD90: 0.24754916 | BE90: 0.34356997 | BF90: -0.10098014 | BG90: 0.040868634 | BH90: 1000 | BI90: 0.25577669 | BJ90: 0.33076926 | BK90: 9
A91: nested__physiological_features__valence__ternary__svm__aggregated__nvg__emognition_features_w60_o30 | B91: physiological_features | C91: valence | D91: ternary | E91: svm__aggregated__nvg__emognition_features_w60_o30 | F91: 6 | G91: emognition_features_w60_o30 | H91: aggregated | I91: nvg | J91: svm | K91: trial | L91: 10 | M91: 332 | N91: 42 | O91: 42 | P91: TRUE | Q91: subject_class_macro_recall | R91: 0.33815433 | S91: 42 | T91: 0 | U91: {"{\"clf__C\": 0.1, \"clf__gamma\": \"scale\"}": 4, "{\"clf__C\": 1.0, \"clf__gamma\": \"scale\"}": 12, "{\"clf__C\": 10.0, \"clf__gamma\": \"scale\"}": 26} | V91: {"clf__C": 10.0, "clf__gamma": "scale"} | W91: 0.61904762 | X91: FALSE | Y91: 9.2029822 | Z91: 0.7016285 | AA91: 1145.3464 | AB91: 332 | AC91: 3 | AD91: 0.34939759 | AE91: 0.34975359 | AF91: 0.35058557 | AG91: 0.34975359 | AH91: 0.34922872 | AI91: 0.025136314 | AJ91: [[36, 37, 31], [37, 40, 32], [37, 42, 40]] | AK91: 0.53707144 | AM91: 104 | AN91: 0.32727273 | AO91: 0.34615385 | AP91: 0.3364486 | AQ91: 109 | AR91: 0.33613445 | AS91: 0.36697248 | AT91: 0.35087719 | AU91: 119 | AV91: 0.38834951 | AW91: 0.33613445 | AX91: 0.36036036 | AY91: 1000 | AZ91: 0.30029279 | BA91: 0.40186911 | BB91: 0.30118448 | BC91: 0.40457878 | BD91: 0.29918588 | BE91: 0.40131662 | BF91: -0.047933003 | BG91: 0.1053669 | BH91: 1000 | BI91: 0.28870566 | BJ91: 0.39222705 | BK91: 7
A92: nested__physiological_features__valence__ternary__svm__aggregated__hvg__emognition_features_w60_o30 | B92: physiological_features | C92: valence | D92: ternary | E92: svm__aggregated__hvg__emognition_features_w60_o30 | F92: 7 | G92: emognition_features_w60_o30 | H92: aggregated | I92: hvg | J92: svm | K92: trial | L92: 10 | M92: 332 | N92: 42 | O92: 42 | P92: TRUE | Q92: subject_class_macro_recall | R92: 0.40845101 | S92: 42 | T92: 0 | U92: {"{\"clf__C\": 1.0, \"clf__gamma\": \"scale\"}": 33, "{\"clf__C\": 10.0, \"clf__gamma\": \"scale\"}": 9} | V92: {"clf__C": 1.0, "clf__gamma": "scale"} | W92: 0.78571429 | X92: FALSE | Y92: 9.5067419 | Z92: 0.6647291 | AA92: 1184.4859 | AB92: 332 | AC92: 3 | AD92: 0.40963855 | AE92: 0.40775898 | AF92: 0.40784061 | AG92: 0.40775898 | AH92: 0.40777713 | AI92: 0.11293489 | AJ92: [[39, 34, 31], [32, 43, 34], [31, 34, 54]] | AK92: 0.56764728 | AM92: 104 | AN92: 0.38235294 | AO92: 0.375 | AP92: 0.37864078 | AQ92: 109 | AR92: 0.38738739 | AS92: 0.39449541 | AT92: 0.39090909 | AU92: 119 | AV92: 0.45378151 | AW92: 0.45378151 | AX92: 0.45378151 | AY92: 1000 | AZ92: 0.36904762 | BA92: 0.45093512 | BB92: 0.36858732 | BC92: 0.44891662 | BD92: 0.36721757 | BE92: 0.44712075 | BF92: 0.054930122 | BG92: 0.17407266 | BH92: 1000 | BI92: 0.3589861 | BJ92: 0.45447462 | BK92: 1
A93: nested__physiological_features__valence__ternary__svm__aggregated__hc+nvg__emognition_features_w60_o30 | B93: physiological_features | C93: valence | D93: ternary | E93: svm__aggregated__hc+nvg__emognition_features_w60_o30 | F93: 8 | G93: emognition_features_w60_o30 | H93: aggregated | I93: hc+nvg | J93: svm | K93: trial | L93: 10 | M93: 332 | N93: 42 | O93: 42 | P93: TRUE | Q93: subject_class_macro_recall | R93: 0.35114463 | S93: 42 | T93: 0 | U93: {"{\"clf__C\": 0.1, \"clf__gamma\": \"scale\"}": 4, "{\"clf__C\": 1.0, \"clf__gamma\": \"scale\"}": 16, "{\"clf__C\": 10.0, \"clf__gamma\": \"scale\"}": 22} | V93: {"clf__C": 10.0, "clf__gamma": "scale"} | W93: 0.52380952 | X93: FALSE | Y93: 10.349711 | Z93: 0.8475414 | AA93: 1223.9127 | AB93: 332 | AC93: 3 | AD93: 0.32228916 | AE93: 0.32208487 | AF93: 0.31527861 | AG93: 0.32208487 | AH93: 0.31626033 | AI93: -0.016303146 | AJ93: [[42, 30, 32], [47, 21, 41], [40, 35, 44]] | AK93: 0.4952369 | AM93: 104 | AN93: 0.3255814 | AO93: 0.40384615 | AP93: 0.36051502 | AQ93: 109 | AR93: 0.24418605 | AS93: 0.19266055 | AT93: 0.21538462 | AU93: 119 | AV93: 0.37606838 | AW93: 0.3697479 | AX93: 0.37288136 | AY93: 1000 | AZ93: 0.27710843 | BA93: 0.36859175 | BB93: 0.27910728 | BC93: 0.36839269 | BD93: 0.27195656 | BE93: 0.3601543 | BF93: -0.080194891 | BG93: 0.05133127 | BH93: 1000 | BI93: 0.30592959 | BJ93: 0.40067526 | BK93: 4
A94: nested__physiological_features__valence__ternary__svm__aggregated__hc+hvg__emognition_features_w60_o30 | B94: physiological_features | C94: valence | D94: ternary | E94: svm__aggregated__hc+hvg__emognition_features_w60_o30 | F94: 9 | G94: emognition_features_w60_o30 | H94: aggregated | I94: hc+hvg | J94: svm | K94: trial | L94: 10 | M94: 332 | N94: 42 | O94: 42 | P94: TRUE | Q94: subject_class_macro_recall | R94: 0.36275852 | S94: 42 | T94: 0 | U94: {"{\"clf__C\": 0.1, \"clf__gamma\": \"scale\"}": 3, "{\"clf__C\": 1.0, \"clf__gamma\": \"scale\"}": 26, "{\"clf__C\": 10.0, \"clf__gamma\": \"scale\"}": 13} | V94: {"clf__C": 1.0, "clf__gamma": "scale"} | W94: 0.61904762 | X94: FALSE | Y94: 10.26283 | Z94: 0.8312597 | AA94: 1263.8182 | AB94: 332 | AC94: 3 | AD94: 0.36144578 | AE94: 0.36037121 | AF94: 0.36010639 | AG94: 0.36037121 | AH94: 0.35946427 | AI94: 0.041714452 | AJ94: [[39, 30, 35], [41, 33, 35], [37, 34, 48]] | AK94: 0.52304865 | AM94: 104 | AN94: 0.33333333 | AO94: 0.375 | AP94: 0.35294118 | AQ94: 109 | AR94: 0.34020619 | AS94: 0.30275229 | AT94: 0.32038835 | AU94: 119 | AV94: 0.40677966 | AW94: 0.40336134 | AX94: 0.40506329 | AY94: 1000 | AZ94: 0.31531532 | BA94: 0.41018351 | BB94: 0.31467923 | BC94: 0.40785705 | BD94: 0.31161388 | BE94: 0.40575523 | BF94: -0.027207415 | BG94: 0.11223267 | BH94: 1000 | BI94: 0.313431 | BJ94: 0.41002214 | BK94: 3
A95: nested__physiological_features__arousal__ternary__svm__windowed__hc__emognition_features_w60_o30 | B95: physiological_features | C95: arousal | D95: ternary | E95: svm__windowed__hc__emognition_features_w60_o30 | F95: 0 | G95: emognition_features_w60_o30 | H95: windowed | I95: hc | J95: svm | K95: trial | L95: 10 | M95: 332 | N95: 42 | O95: 42 | P95: TRUE | Q95: subject_class_macro_recall | R95: 0.29625704 | S95: 42 | T95: 0 | U95: {"{\"clf__C\": 0.1, \"clf__gamma\": \"scale\"}": 23, "{\"clf__C\": 1.0, \"clf__gamma\": \"scale\"}": 7, "{\"clf__C\": 10.0, \"clf__gamma\": \"scale\"}": 12} | V95: {"clf__C": 0.1, "clf__gamma": "scale"} | W95: 0.54761905 | X95: FALSE | Y95: 21.81062 | Z95: 2.0308761 | AA95: 1142.0487 | AB95: 332 | AC95: 3 | AD95: 0.27409639 | AE95: 0.26790329 | AF95: 0.27389102 | AG95: 0.26790329 | AH95: 0.26699454 | AI95: -0.091062696 | AJ95: [[28, 40, 35], [45, 44, 59], [33, 29, 19]] | AK95: 0.42293604 | AM95: 103 | AN95: 0.26415094 | AO95: 0.27184466 | AP95: 0.26794258 | AQ95: 148 | AR95: 0.38938053 | AS95: 0.2972973 | AT95: 0.33716475 | AU95: 81 | AV95: 0.16814159 | AW95: 0.2345679 | AX95: 0.19587629 | AY95: 1000 | AZ95: 0.21382341 | BA95: 0.34036305 | BB95: 0.20756478 | BC95: 0.33269406 | BD95: 0.20977351 | BE95: 0.32712243 | BF95: -0.1757566 | BG95: 0.00060808281 | BH95: 1000 | BI95: 0.23335046 | BJ95: 0.36056872 | BK95: 10
A96: nested__physiological_features__arousal__ternary__svm__windowed__nvg__emognition_features_w60_o30 | B96: physiological_features | C96: arousal | D96: ternary | E96: svm__windowed__nvg__emognition_features_w60_o30 | F96: 1 | G96: emognition_features_w60_o30 | H96: windowed | I96: nvg | J96: svm | K96: trial | L96: 10 | M96: 332 | N96: 42 | O96: 42 | P96: TRUE | Q96: subject_class_macro_recall | R96: 0.34404381 | S96: 42 | T96: 0 | U96: {"{\"clf__C\": 0.1, \"clf__gamma\": \"scale\"}": 10, "{\"clf__C\": 1.0, \"clf__gamma\": \"scale\"}": 15, "{\"clf__C\": 10.0, \"clf__gamma\": \"scale\"}": 17} | V96: {"clf__C": 10.0, "clf__gamma": "scale"} | W96: 0.4047619 | X96: FALSE | Y96: 21.253566 | Z96: 2.0767402 | AA96: 1173.1758 | AB96: 332 | AC96: 3 | AD96: 0.39156627 | AE96: 0.36568607 | AF96: 0.36652024 | AG96: 0.36568607 | AH96: 0.36551048 | AI96: 0.047338161 | AJ96: [[40, 43, 20], [43, 72, 33], [18, 45, 18]] | AK96: 0.53800406 | AM96: 103 | AN96: 0.3960396 | AO96: 0.38834951 | AP96: 0.39215686 | AQ96: 148 | AR96: 0.45 | AS96: 0.48648649 | AT96: 0.46753247 | AU96: 81 | AV96: 0.25352113 | AW96: 0.22222222 | AX96: 0.23684211 | AY96: 1000 | AZ96: 0.33333333 | BA96: 0.45048437 | BB96: 0.30175774 | BC96: 0.42279662 | BD96: 0.30060147 | BE96: 0.42101875 | BF96: -0.050192628 | BG96: 0.13903328 | BH96: 1000 | BI96: 0.28388271 | BJ96: 0.40740877 | BK96: 5
... A104: nested__physiological_features__arousal__ternary__svm__aggregated__hc+hvg__emognition_features_w60_o30 | B104: physiological_features | C104: arousal | D104: ternary | E104: svm__aggregated__hc+hvg__emognition_features_w60_o30 | F104: 9 | G104: emognition_features_w60_o30 | H104: aggregated | I104: hc+hvg | J104: svm | K104: trial | L104: 10 | M104: 332 | N104: 42 | O104: 42 | P104: TRUE | Q104: subject_class_macro_recall | R104: 0.35419325 | S104: 42 | T104: 0 | U104: {"{\"clf__C\": 0.1, \"clf__gamma\": \"scale\"}": 18, "{\"clf__C\": 1.0, \"clf__gamma\": \"scale\"}": 18, "{\"clf__C\": 10.0, \"clf__gamma\": \"scale\"}": 6} | V104: {"clf__C": 0.1, "clf__gamma": "scale"} | W104: 0.42857143 | X104: FALSE | Y104: 13.278459 | Z104: 1.0030683 | AA104: 1454.4038 | AB104: 332 | AC104: 3 | AD104: 0.37951807 | AE104: 0.34409517 | AF104: 0.35410389 | AG104: 0.34409517 | AH104: 0.3428087 | AI104: 0.010008198 | AJ104: [[31, 60, 12], [47, 79, 22], [25, 40, 16]] | AK104: 0.48594949 | AM104: 103 | AN104: 0.30097087 | AO104: 0.30097087 | AP104: 0.30097087 | AQ104: 148 | AR104: 0.44134078 | AS104: 0.53378378 | AT104: 0.48318043 | AU104: 81 | AV104: 0.32 | AW104: 0.19753086 | AX104: 0.24427481 | AY104: 1000 | AZ104: 0.32226496 | BA104: 0.4328583 | BB104: 0.29222289 | BC104: 0.39238576 | BD104: 0.27937207 | BE104: 0.39150314 | BF104: -0.071214139 | BG104: 0.088890548 | BH104: 1000 | BI104: 0.30973633 | BJ104: 0.39693283 | BK104: 2
A105: experiment_id | B105: dataset_id | C105: target | D105: task_kind | E105: candidate_id | F105: candidate_order | G105: input_id | H105: input_mode | I105: representation | J105: model | K105: evaluation_unit | L105: total_candidate_count | M105: common_trial_count | N105: subjects_total | O105: outer_folds_run | P105: complete_loso | Q105: primary_metric | R105: primary_score | S105: primary_evaluable_subjects | T105: primary_excluded_subjects | U105: best_parameter_counts_json | V105: most_frequent_parameters_json | W105: parameter_stability_fraction | X105: quick_grid | Y105: inner_fit_seconds | Z105: outer_fit_seconds | AA105: target_run_seconds | AB105: n_samples | AC105: mae | AD105: rmse | AE105: r2 | AF105: spearman_rho | AG105: bootstrap_repeats | AH105: mae_ci_low | AI105: mae_ci_high | AJ105: rmse_ci_low | AK105: rmse_ci_high | AL105: r2_ci_low | AM105: r2_ci_high | AN105: spearman_rho_ci_low | AO105: spearman_rho_ci_high | AP105: primary_score_bootstrap_valid_repeats | AQ105: primary_score_ci_low | AR105: primary_score_ci_high | AS105: primary_rank_within_target
A106: nested__physiological_features__valence__regression__svm__windowed__hc__emognition_features_w60_o30 | B106: physiological_features | C106: valence | D106: regression | E106: svm__windowed__hc__emognition_features_w60_o30 | F106: 0 | G106: emognition_features_w60_o30 | H106: windowed | I106: hc | J106: svm | K106: trial | L106: 10 | M106: 332 | N106: 42 | O106: 42 | P106: TRUE | Q106: subject_macro_mae | R106: 2.050203 | S106: 42 | T106: 0 | U106: {"{\"clf__C\": 0.1, \"clf__gamma\": \"scale\"}": 8, "{\"clf__C\": 1.0, \"clf__gamma\": \"scale\"}": 34} | V106: {"clf__C": 1.0, "clf__gamma": "scale"} | W106: 0.80952381 | X106: FALSE | Y106: 12.987031 | Z106: 1.1886101 | AA106: 413.3797 | AB106: 332 | AC106: 2.0491997 | AD106: 2.3547318 | AE106: -0.064889866 | AF106: 0.0059364512 | AG106: 1000 | AH106: 1.8869548 | AI106: 2.2181424 | AJ106: 2.1969563 | AK106: 2.5156878 | AL106: -0.12307776 | AM106: -0.015091702 | AN106: -0.080679512 | AO106: 0.09743265 | AP106: 1000 | AQ106: 1.8880409 | AR106: 2.2126121 | AS106: 9
A107: nested__physiological_features__valence__regression__svm__windowed__nvg__emognition_features_w60_o30 | B107: physiological_features | C107: valence | D107: regression | E107: svm__windowed__nvg__emognition_features_w60_o30 | F107: 1 | G107: emognition_features_w60_o30 | H107: windowed | I107: nvg | J107: svm | K107: trial | L107: 10 | M107: 332 | N107: 42 | O107: 42 | P107: TRUE | Q107: subject_macro_mae | R107: 2.0186661 | S107: 42 | T107: 0 | U107: {"{\"clf__C\": 0.1, \"clf__gamma\": \"scale\"}": 34, "{\"clf__C\": 1.0, \"clf__gamma\": \"scale\"}": 6, "{\"clf__C\": 10.0, \"clf__gamma\": \"scale\"}": 2} | V107: {"clf__C": 0.1, "clf__gamma": "scale"} | W107: 0.80952381 | X107: FALSE | Y107: 12.637676 | Z107: 1.0974534 | AA107: 444.89365 | AB107: 332 | AC107: 2.0173089 | AD107: 2.3249089 | AE107: -0.038086816 | AF107: 0.081032526 | AG107: 1000 | AH107: 1.8568855 | AI107: 2.1966264 | AJ107: 2.1518873 | AK107: 2.49936 | AL107: -0.082657065 | AM107: -0.0022606353 | AN107: -0.023221284 | AO107: 0.18877881 | AP107: 1000 | AQ107: 1.8590944 | AR107: 2.1960516 | AS107: 4
A108: nested__physiological_features__valence__regression__svm__windowed__hvg__emognition_features_w60_o30 | B108: physiological_features | C108: valence | D108: regression | E108: svm__windowed__hvg__emognition_features_w60_o30 | F108: 2 | G108: emognition_features_w60_o30 | H108: windowed | I108: hvg | J108: svm | K108: trial | L108: 10 | M108: 332 | N108: 42 | O108: 42 | P108: TRUE | Q108: subject_macro_mae | R108: 2.0360377 | S108: 42 | T108: 0 | U108: {"{\"clf__C\": 0.1, \"clf__gamma\": \"scale\"}": 42} | V108: {"clf__C": 0.1, "clf__gamma": "scale"} | W108: 1 | X108: FALSE | Y108: 14.181815 | Z108: 1.2555835 | AA108: 476.06635 | AB108: 332 | AC108: 2.0340104 | AD108: 2.3163731 | AE108: -0.030478164 | AF108: -0.072316363 | AG108: 1000 | AH108: 1.8748718 | AI108: 2.1996277 | AJ108: 2.1524849 | AK108: 2.4759888 | AL108: -0.056070699 | AM108: -0.01349184 | AN108: -0.14972268 | AO108: 0.0034043881 | AP108: 1000 | AQ108: 1.8763271 | AR108: 2.2007836 | AS108: 6
A109: nested__physiological_features__valence__regression__svm__windowed__hc+nvg__emognition_features_w60_o30 | B109: physiological_features | C109: valence | D109: regression | E109: svm__windowed__hc+nvg__emognition_features_w60_o30 | F109: 3 | G109: emognition_features_w60_o30 | H109: windowed | I109: hc+nvg | J109: svm | K109: trial | L109: 10 | M109: 332 | N109: 42 | O109: 42 | P109: TRUE | Q109: subject_macro_mae | R109: 2.0112277 | S109: 42 | T109: 0 | U109: {"{\"clf__C\": 0.1, \"clf__gamma\": \"scale\"}": 1, "{\"clf__C\": 1.0, \"clf__gamma\": \"scale\"}": 41} | V109: {"clf__C": 1.0, "clf__gamma": "scale"} | W109: 0.97619048 | X109: FALSE | Y109: 15.207029 | Z109: 1.417069 | AA109: 507.34038 | AB109: 332 | AC109: 2.0108772 | AD109: 2.3171966 | AE109: -0.031211027 | AF109: 0.072689419 | AG109: 1000 | AH109: 1.8574613 | AI109: 2.1721211 | AJ109: 2.1521407 | AK109: 2.4787958 | AL109: -0.092184771 | AM109: 0.019129905 | AN109: -0.029832237 | AO109: 0.1704839 | AP109: 1000 | AQ109: 1.8572841 | AR109: 2.1721043 | AS109: 3
A110: nested__physiological_features__valence__regression__svm__windowed__hc+hvg__emognition_features_w60_o30 | B110: physiological_features | C110: valence | D110: regression | E110: svm__windowed__hc+hvg__emognition_features_w60_o30 | F110: 4 | G110: emognition_features_w60_o30 | H110: windowed | I110: hc+hvg | J110: svm | K110: trial | L110: 10 | M110: 332 | N110: 42 | O110: 42 | P110: TRUE | Q110: subject_macro_mae | R110: 2.0416765 | S110: 42 | T110: 0 | U110: {"{\"clf__C\": 0.1, \"clf__gamma\": \"scale\"}": 42} | V110: {"clf__C": 0.1, "clf__gamma": "scale"} | W110: 1 | X110: FALSE | Y110: 14.858358 | Z110: 1.3436493 | AA110: 538.30113 | AB110: 332 | AC110: 2.0397919 | AD110: 2.3132875 | AE110: -0.027734625 | AF110: -0.13081792 | AG110: 1000 | AH110: 1.8666905 | AI110: 2.2260172 | AJ110: 2.1401352 | AK110: 2.4923437 | AL110: -0.049316323 | AM110: -0.012579256 | AN110: -0.21428014 | AO110: -0.044363972 | AP110: 1000 | AQ110: 1.8693177 | AR110: 2.2279307 | AS110: 7
A111: nested__physiological_features__valence__regression__svm__aggregated__hc__emognition_features_w60_o30 | B111: physiological_features | C111: valence | D111: regression | E111: svm__aggregated__hc__emognition_features_w60_o30 | F111: 5 | G111: emognition_features_w60_o30 | H111: aggregated | I111: hc | J111: svm | K111: trial | L111: 10 | M111: 332 | N111: 42 | O111: 42 | P111: TRUE | Q111: subject_macro_mae | R111: 2.041758 | S111: 42 | T111: 0 | U111: {"{\"clf__C\": 0.1, \"clf__gamma\": \"scale\"}": 29, "{\"clf__C\": 1.0, \"clf__gamma\": \"auto\"}": 2, "{\"clf__C\": 1.0, \"clf__gamma\": \"scale\"}": 11} | V111: {"clf__C": 0.1, "clf__gamma": "scale"} | W111: 0.69047619 | X111: FALSE | Y111: 6.2901746 | Z111: 0.4674502 | AA111: 568.97594 | AB111: 332 | AC111: 2.0401838 | AD111: 2.3211438 | AE111: -0.034727248 | AF111: -0.027021711 | AG111: 1000 | AH111: 1.8840669 | AI111: 2.2006141 | AJ111: 2.1632154 | AK111: 2.477164 | AL111: -0.069287362 | AM111: -0.0056751319 | AN111: -0.10812548 | AO111: 0.065698775 | AP111: 1000 | AQ111: 1.8869142 | AR111: 2.2016305 | AS111: 8
A112: nested__physiological_features__valence__regression__svm__aggregated__nvg__emognition_features_w60_o30 | B112: physiological_features | C112: valence | D112: regression | E112: svm__aggregated__nvg__emognition_features_w60_o30 | F112: 6 | G112: emognition_features_w60_o30 | H112: aggregated | I112: nvg | J112: svm | K112: trial | L112: 10 | M112: 332 | N112: 42 | O112: 42 | P112: TRUE | Q112: subject_macro_mae | R112: 1.9948723 | S112: 42 | T112: 0 | U112: {"{\"clf__C\": 0.1, \"clf__gamma\": \"scale\"}": 5, "{\"clf__C\": 1.0, \"clf__gamma\": \"scale\"}": 37} | V112: {"clf__C": 1.0, "clf__gamma": "scale"} | W112: 0.88095238 | X112: FALSE | Y112: 6.7199021 | Z112: 0.5038699 | AA112: 600.27044 | AB112: 332 | AC112: 1.9950575 | AD112: 2.3037301 | AE112: -0.01925996 | AF112: 0.1477567 | AG112: 1000 | AH112: 1.8388941 | AI112: 2.1682882 | AJ112: 2.1472406 | AK112: 2.467845 | AL112: -0.076240737 | AM112: 0.026180702 | AN112: 0.047576747 | AO112: 0.23799677 | AP112: 1000 | AQ112: 1.8393723 | AR112: 2.1680015 | AS112: 2
A113: nested__physiological_features__valence__regression__svm__aggregated__hvg__emognition_features_w60_o30 | B113: physiological_features | C113: valence | D113: regression | E113: svm__aggregated__hvg__emognition_features_w60_o30 | F113: 7 | G113: emognition_features_w60_o30 | H113: aggregated | I113: hvg | J113: svm | K113: trial | L113: 10 | M113: 332 | N113: 42 | O113: 42 | P113: TRUE | Q113: subject_macro_mae | R113: 2.0568891 | S113: 42 | T113: 0 | U113: {"{\"clf__C\": 0.1, \"clf__gamma\": \"scale\"}": 19, "{\"clf__C\": 1.0, \"clf__gamma\": \"auto\"}": 1, "{\"clf__C\": 1.0, \"clf__gamma\": \"scale\"}": 22} | V113: {"clf__C": 1.0, "clf__gamma": "scale"} | W113: 0.52380952 | X113: FALSE | Y113: 7.0266157 | Z113: 0.5430373 | AA113: 630.62867 | AB113: 332 | AC113: 2.0560149 | AD113: 2.3422603 | AE113: -0.053639607 | AF113: 0.055007341 | AG113: 1000 | AH113: 1.8870139 | AI113: 2.2307271 | AJ113: 2.1724917 | AK113: 2.5136125 | AL113: -0.098232089 | AM113: -0.016292335 | AN113: -0.040391608 | AO113: 0.14244788 | AP113: 1000 | AQ113: 1.8863226 | AR113: 2.2307875 | AS113: 10
A114: nested__physiological_features__valence__regression__svm__aggregated__hc+nvg__emognition_features_w60_o30 | B114: physiological_features | C114: valence | D114: regression | E114: svm__aggregated__hc+nvg__emognition_features_w60_o30 | F114: 8 | G114: emognition_features_w60_o30 | H114: aggregated | I114: hc+nvg | J114: svm | K114: trial | L114: 10 | M114: 332 | N114: 42 | O114: 42 | P114: TRUE | Q114: subject_macro_mae | R114: 1.9797277 | S114: 42 | T114: 0 | U114: {"{\"clf__C\": 1.0, \"clf__gamma\": \"scale\"}": 42} | V114: {"clf__C": 1.0, "clf__gamma": "scale"} | W114: 1 | X114: FALSE | Y114: 7.9495823 | Z114: 0.6156613 | AA114: 658.26728 | AB114: 332 | AC114: 1.9799341 | AD114: 2.274935 | AE114: 0.0060609487 | AF114: 0.15829626 | AG114: 1000 | AH114: 1.8249887 | AI114: 2.1499663 | AJ114: 2.1162072 | AK114: 2.4383539 | AL114: -0.046612915 | AM114: 0.055821995 | AN114: 0.065399191 | AO114: 0.25133362 | AP114: 1000 | AQ114: 1.8250099 | AR114: 2.1423318 | AS114: 1
A115: nested__physiological_features__valence__regression__svm__aggregated__hc+hvg__emognition_features_w60_o30 | B115: physiological_features | C115: valence | D115: regression | E115: svm__aggregated__hc+hvg__emognition_features_w60_o30 | F115: 9 | G115: emognition_features_w60_o30 | H115: aggregated | I115: hc+hvg | J115: svm | K115: trial | L115: 10 | M115: 332 | N115: 42 | O115: 42 | P115: TRUE | Q115: subject_macro_mae | R115: 2.024309 | S115: 42 | T115: 0 | U115: {"{\"clf__C\": 0.1, \"clf__gamma\": \"auto\"}": 1, "{\"clf__C\": 0.1, \"clf__gamma\": \"scale\"}": 9, "{\"clf__C\": 1.0, \"clf__gamma\": \"auto\"}": 2, "{\"clf__C\": 1.0, \"clf__gamma\": \"scale\"}": 30} | V115: {"clf__C": 1.0, "clf__gamma": "scale"} | W115: 0.71428571 | X115: FALSE | Y115: 7.7626261 | Z115: 0.6079904 | AA115: 682.74484 | AB115: 332 | AC115: 2.0225369 | AD115: 2.3107753 | AE115: -0.025503628 | AF115: 0.082075394 | AG115: 1000 | AH115: 1.8635116 | AI115: 2.1751188 | AJ115: 2.1443127 | AK115: 2.4661912 | AL115: -0.068727209 | AM115: 0.0069776678 | AN115: -0.0046152873 | AO115: 0.16008666 | AP115: 1000 | AQ115: 1.8620773 | AR115: 2.179489 | AS115: 5
A116: nested__physiological_features__arousal__regression__svm__windowed__hc__emognition_features_w60_o30 | B116: physiological_features | C116: arousal | D116: regression | E116: svm__windowed__hc__emognition_features_w60_o30 | F116: 0 | G116: emognition_features_w60_o30 | H116: windowed | I116: hc | J116: svm | K116: trial | L116: 10 | M116: 332 | N116: 42 | O116: 42 | P116: TRUE | Q116: subject_macro_mae | R116: 1.7552566 | S116: 42 | T116: 0 | U116: {"{\"clf__C\": 0.1, \"clf__gamma\": \"auto\"}": 4, "{\"clf__C\": 0.1, \"clf__gamma\": \"scale\"}": 37, "{\"clf__C\": 1.0, \"clf__gamma\": \"scale\"}": 1} | V116: {"clf__C": 0.1, "clf__gamma": "scale"} | W116: 0.88095238 | X116: FALSE | Y116: 14.707452 | Z116: 1.1162283 | AA116: 443.02088 | AB116: 332 | AC116: 1.754654 | AD116: 2.0680667 | AE116: -0.073151022 | AF116: -0.12822842 | AG116: 1000 | AH116: 1.5961539 | AI116: 1.9302848 | AJ116: 1.9075987 | AK116: 2.2382841 | AL116: -0.17292862 | AM116: -0.023540178 | AN116: -0.29733206 | AO116: 0.050499385 | AP116: 1000 | AQ116: 1.5910333 | AR116: 1.9342654 | AS116: 7
A117: nested__physiological_features__arousal__regression__svm__windowed__nvg__emognition_features_w60_o30 | B117: physiological_features | C117: arousal | D117: regression | E117: svm__windowed__nvg__emognition_features_w60_o30 | F117: 1 | G117: emognition_features_w60_o30 | H117: windowed | I117: nvg | J117: svm | K117: trial | L117: 10 | M117: 332 | N117: 42 | O117: 42 | P117: TRUE | Q117: subject_macro_mae | R117: 1.7070787 | S117: 42 | T117: 0 | U117: {"{\"clf__C\": 1.0, \"clf__gamma\": \"scale\"}": 42} | V117: {"clf__C": 1.0, "clf__gamma": "scale"} | W117: 1 | X117: FALSE | Y117: 13.697367 | Z117: 1.1782376 | AA117: 473.64054 | AB117: 332 | AC117: 1.7058836 | AD117: 2.0289563 | AE117: -0.032944926 | AF117: 0.10373163 | AG117: 1000 | AH117: 1.5620896 | AI117: 1.8652753 | AJ117: 1.8798547 | AK117: 2.1869318 | AL117: -0.14676235 | AM117: 0.035124514 | AN117: -0.023110535 | AO117: 0.23510867 | AP117: 1000 | AQ117: 1.5665486 | AR117: 1.8666276 | AS117: 2
... A125: nested__physiological_features__arousal__regression__svm__aggregated__hc+hvg__emognition_features_w60_o30 | B125: physiological_features | C125: arousal | D125: regression | E125: svm__aggregated__hc+hvg__emognition_features_w60_o30 | F125: 9 | G125: emognition_features_w60_o30 | H125: aggregated | I125: hc+hvg | J125: svm | K125: trial | L125: 10 | M125: 332 | N125: 42 | O125: 42 | P125: TRUE | Q125: subject_macro_mae | R125: 1.7305695 | S125: 42 | T125: 0 | U125: {"{\"clf__C\": 0.1, \"clf__gamma\": \"scale\"}": 25, "{\"clf__C\": 1.0, \"clf__gamma\": \"scale\"}": 17} | V125: {"clf__C": 0.1, "clf__gamma": "scale"} | W125: 0.5952381 | X125: FALSE | Y125: 8.2689488 | Z125: 0.6498569 | AA125: 680.60202 | AB125: 332 | AC125: 1.7279944 | AD125: 2.0446124 | AE125: -0.048947528 | AF125: -0.11678449 | AG125: 1000 | AH125: 1.5758323 | AI125: 1.8668051 | AJ125: 1.8890748 | AK125: 2.1802851 | AL125: -0.12634459 | AM125: -0.014989272 | AN125: -0.25236423 | AO125: 0.021906663 | AP125: 1000 | AQ125: 1.579259 | AR125: 1.8741738 | AS125: 3
A126: experiment_id | B126: dataset_id | C126: target | D126: task_kind | E126: candidate_id | F126: candidate_order | G126: input_id | H126: input_mode | I126: representation | J126: model | K126: evaluation_unit | L126: total_candidate_count | M126: common_trial_count | N126: subjects_total | O126: outer_folds_run | P126: complete_loso | Q126: primary_metric | R126: primary_score | S126: primary_evaluable_subjects | T126: primary_excluded_subjects | U126: best_parameter_counts_json | V126: most_frequent_parameters_json | W126: parameter_stability_fraction | X126: quick_grid | Y126: inner_fit_seconds | Z126: outer_fit_seconds | AA126: target_run_seconds | AB126: n_samples | AC126: classes_observed | AD126: accuracy | AE126: balanced_accuracy | AF126: macro_precision | AG126: macro_recall | AH126: macro_f1 | AI126: mcc | AJ126: confusion_matrix_json | AK126: roc_auc | AL126: average_precision | AM126: support__low | AN126: precision__low | AO126: recall__low | AP126: f1__low | AQ126: support__high | AR126: precision__high | AS126: recall__high | AT126: f1__high | AU126: tn | AV126: fp | AW126: fn | AX126: tp | AY126: bootstrap_repeats | AZ126: accuracy_ci_low | BA126: accuracy_ci_high | BB126: balanced_accuracy_ci_low | BC126: balanced_accuracy_ci_high | BD126: macro_f1_ci_low | BE126: macro_f1_ci_high | BF126: mcc_ci_low | BG126: mcc_ci_high | BH126: primary_score_bootstrap_valid_repeats | BI126: primary_score_ci_low | BJ126: primary_score_ci_high | BK126: primary_rank_within_target
A127: nested__physiological_features__valence__binary__rf__windowed__hc__emognition_features_w60_o30 | B127: physiological_features | C127: valence | D127: binary | E127: rf__windowed__hc__emognition_features_w60_o30 | F127: 0 | G127: emognition_features_w60_o30 | H127: windowed | I127: hc | J127: rf | K127: trial | L127: 10 | M127: 304 | N127: 42 | O127: 42 | P127: TRUE | Q127: subject_class_macro_recall | R127: 0.50853244 | S127: 42 | T127: 0 | U127: {"{\"clf__max_depth\": 12, \"clf__max_features\": \"sqrt\", \"clf__min_samples_leaf\": 1, \"clf__n_estimators\": 300}": 8, "{\"clf__max_depth\": 12, \"clf__max_features\": \"sqrt\", \"clf__min_samples_leaf\": 3, \"clf__n_estimators\": 300}": 9, "{\"clf__max_depth\": null, \"clf__max_features\": \"sqrt\", \"clf__min_samples_leaf\": 1, \"clf__n_estimators\": 300}": 9, "{\"clf__max_depth\": null, \"clf__max_features\": \"sqrt\", \"clf__min_samples_leaf\": 3, \"clf__n_estimators\": 300}": 16} | V127: {"clf__max_depth": null, "clf__max_features": "sqrt", "clf__min_samples_leaf": 3, "clf__n_estimators": 300} | W127: 0.38095238 | X127: FALSE | Y127: 378.63226 | Z127: 37.642198 | AA127: 4574.1749 | AB127: 304 | AC127: 2 | AD127: 0.50986842 | AE127: 0.50182927 | AF127: 0.50189676 | AG127: 0.50182927 | AH127: 0.49986198 | AI127: 0.0037254189 | AJ127: [[56, 84], [65, 99]] | AK127: 0.49427265 | AL127: 0.52266709 | AM127: 140 | AN127: 0.46280992 | AO127: 0.4 | AP127: 0.42911877 | AQ127: 164 | AR127: 0.54098361 | AS127: 0.60365854 | AT127: 0.57060519 | AU127: 56 | AV127: 84 | AW127: 65 | AX127: 99 | AY127: 1000 | AZ127: 0.46179402 | BA127: 0.55734333 | BB127: 0.45607201 | BC127: 0.54708017 | BD127: 0.45295019 | BE127: 0.54612691 | BF127: -0.088873996 | BG127: 0.097058559 | BH127: 1000 | BI127: 0.46976552 | BJ127: 0.5503456 | BK127: 8
A128: nested__physiological_features__valence__binary__rf__windowed__nvg__emognition_features_w60_o30 | B128: physiological_features | C128: valence | D128: binary | E128: rf__windowed__nvg__emognition_features_w60_o30 | F128: 1 | G128: emognition_features_w60_o30 | H128: windowed | I128: nvg | J128: rf | K128: trial | L128: 10 | M128: 304 | N128: 42 | O128: 42 | P128: TRUE | Q128: subject_class_macro_recall | R128: 0.53746405 | S128: 42 | T128: 0 | U128: {"{\"clf__max_depth\": 12, \"clf__max_features\": \"sqrt\", \"clf__min_samples_leaf\": 1, \"clf__n_estimators\": 300}": 8, "{\"clf__max_depth\": 12, \"clf__max_features\": \"sqrt\", \"clf__min_samples_leaf\": 3, \"clf__n_estimators\": 300}": 11, "{\"clf__max_depth\": null, \"clf__max_features\": \"sqrt\", \"clf__min_samples_leaf\": 1, \"clf__n_estimators\": 300}": 13, "{\"clf__max_depth\": null, \"clf__max_features\": \"sqrt\", \"clf__min_samples_leaf\": 3, \"clf__n_estimators\": 300}": 10} | V128: {"clf__max_depth": null, "clf__max_features": "sqrt", "clf__min_samples_leaf": 1, "clf__n_estimators": 300} | W128: 0.30952381 | X128: FALSE | Y128: 376.26417 | Z128: 38.811261 | AA128: 4641.4822 | AB128: 304 | AC128: 2 | AD128: 0.54934211 | AE128: 0.54050523 | AF128: 0.54250651 | AG128: 0.54050523 | AH128: 0.53830634 | AI128: 0.082987612 | AJ128: [[60, 80], [57, 107]] | AK128: 0.55879791 | AL128: 0.57321959 | AM128: 140 | AN128: 0.51282051 | AO128: 0.42857143 | AP128: 0.46692607 | AQ128: 164 | AR128: 0.57219251 | AS128: 0.65243902 | AT128: 0.60968661 | AU128: 60 | AV128: 80 | AW128: 57 | AX128: 107 | AY128: 1000 | AZ128: 0.49675218 | BA128: 0.6013289 | BB128: 0.48798483 | BC128: 0.5908643 | BD128: 0.48287794 | BE128: 0.59045047 | BF128: -0.024592245 | BG128: 0.18649515 | BH128: 1000 | BI128: 0.47999556 | BJ128: 0.59527111 | BK128: 5
A129: nested__physiological_features__valence__binary__rf__windowed__hvg__emognition_features_w60_o30 | B129: physiological_features | C129: valence | D129: binary | E129: rf__windowed__hvg__emognition_features_w60_o30 | F129: 2 | G129: emognition_features_w60_o30 | H129: windowed | I129: hvg | J129: rf | K129: trial | L129: 10 | M129: 304 | N129: 42 | O129: 42 | P129: TRUE | Q129: subject_class_macro_recall | R129: 0.46048753 | S129: 42 | T129: 0 | U129: {"{\"clf__max_depth\": 12, \"clf__max_features\": \"sqrt\", \"clf__min_samples_leaf\": 1, \"clf__n_estimators\": 300}": 14, "{\"clf__max_depth\": 12, \"clf__max_features\": \"sqrt\", \"clf__min_samples_leaf\": 3, \"clf__n_estimators\": 300}": 3, "{\"clf__max_depth\": null, \"clf__max_features\": \"sqrt\", \"clf__min_samples_leaf\": 1, \"clf__n_estimators\": 300}": 13, "{\"clf__max_depth\": null, \"clf__max_features\": \"sqrt\", \"clf__min_samples_leaf\": 3, \"clf__n_estimators\": 300}": 12} | V129: {"clf__max_depth": 12, "clf__max_features": "sqrt", "clf__min_samples_leaf": 1, "clf__n_estimators": 300} | W129: 0.33333333 | X129: FALSE | Y129: 369.79614 | Z129: 37.917582 | AA129: 4713.0307 | AB129: 304 | AC129: 2 | AD129: 0.49013158 | AE129: 0.47726481 | AF129: 0.47478626 | AG129: 0.47726481 | AH129: 0.46874119 | AI129: -0.047884826 | AJ129: [[44, 96], [59, 105]] | AK129: 0.48686847 | AL129: 0.54203282 | AM129: 140 | AN129: 0.42718447 | AO129: 0.31428571 | AP129: 0.36213992 | AQ129: 164 | AR129: 0.52238806 | AS129: 0.6402439 | AT129: 0.57534247 | AU129: 44 | AV129: 96 | AW129: 59 | AX129: 105 | AY129: 1000 | AZ129: 0.43987007 | BA129: 0.53674712 | BB129: 0.43159806 | BC129: 0.52221203 | BD129: 0.42016889 | BE129: 0.5138593 | BF129: -0.1443394 | BG129: 0.048316023 | BH129: 1000 | BI129: 0.41130129 | BJ129: 0.50697477 | BK129: 10
A130: nested__physiological_features__valence__binary__rf__windowed__hc+nvg__emognition_features_w60_o30 | B130: physiological_features | C130: valence | D130: binary | E130: rf__windowed__hc+nvg__emognition_features_w60_o30 | F130: 3 | G130: emognition_features_w60_o30 | H130: windowed | I130: hc+nvg | J130: rf | K130: trial | L130: 10 | M130: 304 | N130: 42 | O130: 42 | P130: TRUE | Q130: subject_class_macro_recall | R130: 0.53614568 | S130: 42 | T130: 0 | U130: {"{\"clf__max_depth\": 12, \"clf__max_features\": \"sqrt\", \"clf__min_samples_leaf\": 1, \"clf__n_estimators\": 300}": 11, "{\"clf__max_depth\": 12, \"clf__max_features\": \"sqrt\", \"clf__min_samples_leaf\": 3, \"clf__n_estimators\": 300}": 8, "{\"clf__max_depth\": null, \"clf__max_features\": \"sqrt\", \"clf__min_samples_leaf\": 1, \"clf__n_estimators\": 300}": 13, "{\"clf__max_depth\": null, \"clf__max_features\": \"sqrt\", \"clf__min_samples_leaf\": 3, \"clf__n_estimators\": 300}": 10} | V130: {"clf__max_depth": null, "clf__max_features": "sqrt", "clf__min_samples_leaf": 1, "clf__n_estimators": 300} | W130: 0.30952381 | X130: FALSE | Y130: 416.28538 | Z130: 44.97601 | AA130: 4778.2221 | AB130: 304 | AC130: 2 | AD130: 0.53947368 | AE130: 0.53188153 | AF130: 0.53296703 | AG130: 0.53188153 | AH130: 0.53051229 | AI130: 0.06483948 | AJ130: [[61, 79], [61, 103]] | AK130: 0.5447953 | AL130: 0.5580481 | AM130: 140 | AN130: 0.5 | AO130: 0.43571429 | AP130: 0.46564885 | AQ130: 164 | AR130: 0.56593407 | AS130: 0.62804878 | AT130: 0.59537572 | AU130: 61 | AV130: 79 | AW130: 61 | AX130: 103 | AY130: 1000 | AZ130: 0.49013158 | BA130: 0.58745875 | BB130: 0.4845292 | BC130: 0.5787862 | BD130: 0.48116309 | BE130: 0.57579837 | BF130: -0.031257728 | BG130: 0.1622163 | BH130: 1000 | BI130: 0.49127821 | BJ130: 0.58189886 | BK130: 6
A131: nested__physiological_features__valence__binary__rf__windowed__hc+hvg__emognition_features_w60_o30 | B131: physiological_features | C131: valence | D131: binary | E131: rf__windowed__hc+hvg__emognition_features_w60_o30 | F131: 4 | G131: emognition_features_w60_o30 | H131: windowed | I131: hc+hvg | J131: rf | K131: trial | L131: 10 | M131: 304 | N131: 42 | O131: 42 | P131: TRUE | Q131: subject_class_macro_recall | R131: 0.49835808 | S131: 42 | T131: 0 | U131: {"{\"clf__max_depth\": 12, \"clf__max_features\": \"sqrt\", \"clf__min_samples_leaf\": 1, \"clf__n_estimators\": 300}": 12, "{\"clf__max_depth\": 12, \"clf__max_features\": \"sqrt\", \"clf__min_samples_leaf\": 3, \"clf__n_estimators\": 300}": 10, "{\"clf__max_depth\": null, \"clf__max_features\": \"sqrt\", \"clf__min_samples_leaf\": 1, \"clf__n_estimators\": 300}": 15, "{\"clf__max_depth\": null, \"clf__max_features\": \"sqrt\", \"clf__min_samples_leaf\": 3, \"clf__n_estimators\": 300}": 5} | V131: {"clf__max_depth": null, "clf__max_features": "sqrt", "clf__min_samples_leaf": 1, "clf__n_estimators": 300} | W131: 0.35714286 | X131: FALSE | Y131: 417.34277 | Z131: 44.572575 | AA131: 4846.6423 | AB131: 304 | AC131: 2 | AD131: 0.5 | AE131: 0.49006969 | AF131: 0.48947368 | AG131: 0.49006969 | AH131: 0.48609814 | AI131: -0.020447945 | AJ131: [[51, 89], [63, 101]] | AK131: 0.46637631 | AL131: 0.5234117 | AM131: 140 | AN131: 0.44736842 | AO131: 0.36428571 | AP131: 0.4015748 | AQ131: 164 | AR131: 0.53157895 | AS131: 0.61585366 | AT131: 0.57062147 | AU131: 51 | AV131: 89 | AW131: 63 | AX131: 101 | AY131: 1000 | AZ131: 0.4545305 | BA131: 0.54726802 | BB131: 0.44774514 | BC131: 0.53525245 | BD131: 0.43885672 | BE131: 0.53221826 | BF131: -0.10861514 | BG131: 0.073736595 | BH131: 1000 | BI131: 0.45957409 | BJ131: 0.53667097 | BK131: 9
A132: nested__physiological_features__valence__binary__rf__aggregated__hc__emognition_features_w60_o30 | B132: physiological_features | C132: valence | D132: binary | E132: rf__aggregated__hc__emognition_features_w60_o30 | F132: 5 | G132: emognition_features_w60_o30 | H132: aggregated | I132: hc | J132: rf | K132: trial | L132: 10 | M132: 304 | N132: 42 | O132: 42 | P132: TRUE | Q132: subject_class_macro_recall | R132: 0.52349566 | S132: 42 | T132: 0 | U132: {"{\"clf__max_depth\": 12, \"clf__max_features\": \"sqrt\", \"clf__min_samples_leaf\": 1, \"clf__n_estimators\": 300}": 7, "{\"clf__max_depth\": 12, \"clf__max_features\": \"sqrt\", \"clf__min_samples_leaf\": 3, \"clf__n_estimators\": 300}": 6, "{\"clf__max_depth\": null, \"clf__max_features\": \"sqrt\", \"clf__min_samples_leaf\": 1, \"clf__n_estimators\": 300}": 11, "{\"clf__max_depth\": null, \"clf__max_features\": \"sqrt\", \"clf__min_samples_leaf\": 3, \"clf__n_estimators\": 300}": 18} | V132: {"clf__max_depth": null, "clf__max_features": "sqrt", "clf__min_samples_leaf": 3, "clf__n_estimators": 300} | W132: 0.42857143 | X132: FALSE | Y132: 307.26801 | Z132: 29.083336 | AA132: 4915.909 | AB132: 304 | AC132: 2 | AD132: 0.52960526 | AE132: 0.5216899 | AF132: 0.52249018 | AG132: 0.5216899 | AH132: 0.52000177 | AI132: 0.044172824 | AJ132: [[59, 81], [62, 102]] | AK132: 0.5690331 | AL132: 0.60154331 | AM132: 140 | AN132: 0.48760331 | AO132: 0.42142857 | AP132: 0.45210728 | AQ132: 164 | AR132: 0.55737705 | AS132: 0.62195122 | AT132: 0.58789625 | AU132: 59 | AV132: 81 | AW132: 62 | AX132: 102 | AY132: 1000 | AZ132: 0.48579523 | BA132: 0.57144024 | BB132: 0.47936924 | BC132: 0.56153942 | BD132: 0.47619788 | BE132: 0.56040049 | BF132: -0.041824349 | BG132: 0.12516844 | BH132: 1000 | BI132: 0.47697279 | BJ132: 0.57131854 | BK132: 7
A133: nested__physiological_features__valence__binary__rf__aggregated__nvg__emognition_features_w60_o30 | B133: physiological_features | C133: valence | D133: binary | E133: rf__aggregated__nvg__emognition_features_w60_o30 | F133: 6 | G133: emognition_features_w60_o30 | H133: aggregated | I133: nvg | J133: rf | K133: trial | L133: 10 | M133: 304 | N133: 42 | O133: 42 | P133: TRUE | Q133: subject_class_macro_recall | R133: 0.64406283 | S133: 42 | T133: 0 | U133: {"{\"clf__max_depth\": 12, \"clf__max_features\": \"sqrt\", \"clf__min_samples_leaf\": 1, \"clf__n_estimators\": 300}": 6, "{\"clf__max_depth\": 12, \"clf__max_features\": \"sqrt\", \"clf__min_samples_leaf\": 3, \"clf__n_estimators\": 300}": 15, "{\"clf__max_depth\": null, \"clf__max_features\": \"sqrt\", \"clf__min_samples_leaf\": 1, \"clf__n_estimators\": 300}": 12, "{\"clf__max_depth\": null, \"clf__max_features\": \"sqrt\", \"clf__min_samples_leaf\": 3, \"clf__n_estimators\": 300}": 9} | V133: {"clf__max_depth": 12, "clf__max_features": "sqrt", "clf__min_samples_leaf": 3, "clf__n_estimators": 300} | W133: 0.35714286 | X133: FALSE | Y133: 312.27616 | Z133: 30.418818 | AA133: 4979.3367 | AB133: 304 | AC133: 2 | AD133: 0.64802632 | AE133: 0.64189895 | AF133: 0.64560894 | AG133: 0.64189895 | AH133: 0.64213653 | AI133: 0.28748396 | AJ133: [[79, 61], [46, 118]] | AK133: 0.65592334 | AL133: 0.64484238 | AM133: 140 | AN133: 0.632 | AO133: 0.56428571 | AP133: 0.59622642 | AQ133: 164 | AR133: 0.65921788 | AS133: 0.7195122 | AT133: 0.68804665 | AU133: 79 | AV133: 61 | AW133: 46 | AX133: 118 | AY133: 1000 | AZ133: 0.59730058 | BA133: 0.69682279 | BB133: 0.59166737 | BC133: 0.69131517 | BD133: 0.59108344 | BE133: 0.69214233 | BF133: 0.18350085 | BG133: 0.38993837 | BH133: 1000 | BI133: 0.59364283 | BJ133: 0.69326389 | BK133: 1
A134: nested__physiological_features__valence__binary__rf__aggregated__hvg__emognition_features_w60_o30 | B134: physiological_features | C134: valence | D134: binary | E134: rf__aggregated__hvg__emognition_features_w60_o30 | F134: 7 | G134: emognition_features_w60_o30 | H134: aggregated | I134: hvg | J134: rf | K134: trial | L134: 10 | M134: 304 | N134: 42 | O134: 42 | P134: TRUE | Q134: subject_class_macro_recall | R134: 0.55883732 | S134: 42 | T134: 0 | U134: {"{\"clf__max_depth\": 12, \"clf__max_features\": \"sqrt\", \"clf__min_samples_leaf\": 1, \"clf__n_estimators\": 300}": 11, "{\"clf__max_depth\": 12, \"clf__max_features\": \"sqrt\", \"clf__min_samples_leaf\": 3, \"clf__n_estimators\": 300}": 11, "{\"clf__max_depth\": null, \"clf__max_features\": \"sqrt\", \"clf__min_samples_leaf\": 1, \"clf__n_estimators\": 300}": 11, "{\"clf__max_depth\": null, \"clf__max_features\": \"sqrt\", \"clf__min_samples_leaf\": 3, \"clf__n_estimators\": 300}": 9} | V134: {"clf__max_depth": null, "clf__max_features": "sqrt", "clf__min_samples_leaf": 1, "clf__n_estimators": 300} | W134: 0.26190476 | X134: FALSE | Y134: 311.62065 | Z134: 30.073751 | AA134: 5048.6913 | AB134: 304 | AC134: 2 | AD134: 0.5625 | AE134: 0.54904181 | AF134: 0.55548165 | AG134: 0.54904181 | AH134: 0.54154052 | AI134: 0.10432489 | AJ134: [[53, 87], [46, 118]] | AK134: 0.57373693 | AL134: 0.59879977 | AM134: 140 | AN134: 0.53535354 | AO134: 0.37857143 | AP134: 0.44351464 | AQ134: 164 | AR134: 0.57560976 | AS134: 0.7195122 | AT134: 0.6395664 | AU134: 53 | AV134: 87 | AW134: 46 | AX134: 118 | AY134: 1000 | AZ134: 0.50830565 | BA134: 0.61131429 | BB134: 0.49923046 | BC134: 0.59832926 | BD134: 0.48589475 | BE134: 0.59078427 | BF134: -0.0016249692 | BG134: 0.21143814 | BH134: 1000 | BI134: 0.50618356 | BJ134: 0.6069494 | BK134: 3
A135: nested__physiological_features__valence__binary__rf__aggregated__hc+nvg__emognition_features_w60_o30 | B135: physiological_features | C135: valence | D135: binary | E135: rf__aggregated__hc+nvg__emognition_features_w60_o30 | F135: 8 | G135: emognition_features_w60_o30 | H135: aggregated | I135: hc+nvg | J135: rf | K135: trial | L135: 10 | M135: 304 | N135: 42 | O135: 42 | P135: TRUE | Q135: subject_class_macro_recall | R135: 0.60040927 | S135: 42 | T135: 0 | U135: {"{\"clf__max_depth\": 12, \"clf__max_features\": \"sqrt\", \"clf__min_samples_leaf\": 1, \"clf__n_estimators\": 300}": 9, "{\"clf__max_depth\": 12, \"clf__max_features\": \"sqrt\", \"clf__min_samples_leaf\": 3, \"clf__n_estimators\": 300}": 14, "{\"clf__max_depth\": null, \"clf__max_features\": \"sqrt\", \"clf__min_samples_leaf\": 1, \"clf__n_estimators\": 300}": 8, "{\"clf__max_depth\": null, \"clf__max_features\": \"sqrt\", \"clf__min_samples_leaf\": 3, \"clf__n_estimators\": 300}": 11} | V135: {"clf__max_depth": 12, "clf__max_features": "sqrt", "clf__min_samples_leaf": 3, "clf__n_estimators": 300} | W135: 0.33333333 | X135: FALSE | Y135: 325.02036 | Z135: 33.809873 | AA135: 5103.7477 | AB135: 304 | AC135: 2 | AD135: 0.60526316 | AE135: 0.59703833 | AF135: 0.60151267 | AG135: 0.59703833 | AH135: 0.59601329 | AI135: 0.19850057 | AJ135: [[69, 71], [49, 115]] | AK135: 0.65241725 | AL135: 0.63694596 | AM135: 140 | AN135: 0.58474576 | AO135: 0.49285714 | AP135: 0.53488372 | AQ135: 164 | AR135: 0.61827957 | AS135: 0.70121951 | AT135: 0.65714286 | AU135: 69 | AV135: 71 | AW135: 49 | AX135: 115 | AY135: 1000 | AZ135: 0.5544546 | BA135: 0.65131954 | BB135: 0.54931573 | BC135: 0.64082034 | BD135: 0.54853106 | BE135: 0.64071571 | BF135: 0.098921172 | BG135: 0.28961706 | BH135: 1000 | BI135: 0.54999959 | BJ135: 0.64801905 | BK135: 2
A136: nested__physiological_features__valence__binary__rf__aggregated__hc+hvg__emognition_features_w60_o30 | B136: physiological_features | C136: valence | D136: binary | E136: rf__aggregated__hc+hvg__emognition_features_w60_o30 | F136: 9 | G136: emognition_features_w60_o30 | H136: aggregated | I136: hc+hvg | J136: rf | K136: trial | L136: 10 | M136: 304 | N136: 42 | O136: 42 | P136: TRUE | Q136: subject_class_macro_recall | R136: 0.54709225 | S136: 42 | T136: 0 | U136: {"{\"clf__max_depth\": 12, \"clf__max_features\": \"sqrt\", \"clf__min_samples_leaf\": 1, \"clf__n_estimators\": 300}": 10, "{\"clf__max_depth\": 12, \"clf__max_features\": \"sqrt\", \"clf__min_samples_leaf\": 3, \"clf__n_estimators\": 300}": 5, "{\"clf__max_depth\": null, \"clf__max_features\": \"sqrt\", \"clf__min_samples_leaf\": 1, \"clf__n_estimators\": 300}": 16, "{\"clf__max_depth\": null, \"clf__max_features\": \"sqrt\", \"clf__min_samples_leaf\": 3, \"clf__n_estimators\": 300}": 11} | V136: {"clf__max_depth": null, "clf__max_features": "sqrt", "clf__min_samples_leaf": 1, "clf__n_estimators": 300} | W136: 0.38095238 | X136: FALSE | Y136: 333.34673 | Z136: 32.843167 | AA136: 5163.5247 | AB136: 304 | AC136: 2 | AD136: 0.5625 | AE136: 0.54747387 | AF136: 0.55554706 | AG136: 0.54747387 | AH136: 0.53725894 | AI136: 0.10270412 | AJ136: [[50, 90], [43, 121]] | AK136: 0.57127613 | AL136: 0.58922324 | AM136: 140 | AN136: 0.53763441 | AO136: 0.35714286 | AP136: 0.42918455 | AQ136: 164 | AR136: 0.57345972 | AS136: 0.73780488 | AT136: 0.64533333 | AU136: 50 | AV136: 90 | AW136: 43 | AX136: 121 | AY136: 1000 | AZ136: 0.51379074 | BA136: 0.60759799 | BB136: 0.49991336 | BC136: 0.5899996 | BD136: 0.48904484 | BE136: 0.58208001 | BF136: -0.00018686291 | BG136: 0.19991118 | BH136: 1000 | BI136: 0.49463361 | BJ136: 0.59424883 | BK136: 4
A137: nested__physiological_features__arousal__binary__rf__windowed__hc__emognition_features_w60_o30 | B137: physiological_features | C137: arousal | D137: binary | E137: rf__windowed__hc__emognition_features_w60_o30 | F137: 0 | G137: emognition_features_w60_o30 | H137: windowed | I137: hc | J137: rf | K137: trial | L137: 10 | M137: 278 | N137: 42 | O137: 42 | P137: TRUE | Q137: subject_class_macro_recall | R137: 0.44574315 | S137: 42 | T137: 0 | U137: {"{\"clf__max_depth\": 12, \"clf__max_features\": \"sqrt\", \"clf__min_samples_leaf\": 1, \"clf__n_estimators\": 300}": 15, "{\"clf__max_depth\": 12, \"clf__max_features\": \"sqrt\", \"clf__min_samples_leaf\": 3, \"clf__n_estimators\": 300}": 14, "{\"clf__max_depth\": null, \"clf__max_features\": \"sqrt\", \"clf__min_samples_leaf\": 1, \"clf__n_estimators\": 300}": 10, "{\"clf__max_depth\": null, \"clf__max_features\": \"sqrt\", \"clf__min_samples_leaf\": 3, \"clf__n_estimators\": 300}": 3} | V137: {"clf__max_depth": 12, "clf__max_features": "sqrt", "clf__min_samples_leaf": 1, "clf__n_estimators": 300} | W137: 0.35714286 | X137: FALSE | Y137: 451.11241 | Z137: 44.449569 | AA137: 5612.1637 | AB137: 278 | AC137: 2 | AD137: 0.44964029 | AE137: 0.43706002 | AF137: 0.43219101 | AG137: 0.43706002 | AH137: 0.4304728 | AI137: -0.13065828 | AJ137: [[88, 63], [90, 37]] | AK137: 0.44081452 | AL137: 0.44045221 | AM137: 151 | AN137: 0.49438202 | AO137: 0.58278146 | AP137: 0.53495441 | AQ137: 127 | AR137: 0.37 | AS137: 0.29133858 | AT137: 0.32599119 | AU137: 88 | AV137: 63 | AW137: 90 | AX137: 37 | AY137: 1000 | AZ137: 0.37233848 | BA137: 0.52770803 | BB137: 0.36098629 | BC137: 0.51049298 | BD137: 0.35037558 | BE137: 0.50519755 | BF137: -0.29041278 | BG137: 0.022107278 | BH137: 1000 | BI137: 0.3836938 | BJ137: 0.5087871 | BK137: 10
A138: nested__physiological_features__arousal__binary__rf__windowed__nvg__emognition_features_w60_o30 | B138: physiological_features | C138: arousal | D138: binary | E138: rf__windowed__nvg__emognition_features_w60_o30 | F138: 1 | G138: emognition_features_w60_o30 | H138: windowed | I138: nvg | J138: rf | K138: trial | L138: 10 | M138: 278 | N138: 42 | O138: 42 | P138: TRUE | Q138: subject_class_macro_recall | R138: 0.46018908 | S138: 42 | T138: 0 | U138: {"{\"clf__max_depth\": 12, \"clf__max_features\": \"sqrt\", \"clf__min_samples_leaf\": 1, \"clf__n_estimators\": 300}": 14, "{\"clf__max_depth\": 12, \"clf__max_features\": \"sqrt\", \"clf__min_samples_leaf\": 3, \"clf__n_estimators\": 300}": 12, "{\"clf__max_depth\": null, \"clf__max_features\": \"sqrt\", \"clf__min_samples_leaf\": 1, \"clf__n_estimators\": 300}": 7, "{\"clf__max_depth\": null, \"clf__max_features\": \"sqrt\", \"clf__min_samples_leaf\": 3, \"clf__n_estimators\": 300}": 9} | V138: {"clf__max_depth": 12, "clf__max_features": "sqrt", "clf__min_samples_leaf": 1, "clf__n_estimators": 300} | W138: 0.33333333 | X138: FALSE | Y138: 473.61595 | Z138: 45.402405 | AA138: 5655.6622 | AB138: 278 | AC138: 2 | AD138: 0.50719424 | AE138: 0.49379465 | AF138: 0.4931891 | AG138: 0.49379465 | AH138: 0.48711941 | AI138: -0.013002154 | AJ138: [[98, 53], [84, 43]] | AK138: 0.53470303 | AL138: 0.49879633 | AM138: 151 | AN138: 0.53846154 | AO138: 0.64900662 | AP138: 0.58858859 | AQ138: 127 | AR138: 0.44791667 | AS138: 0.33858268 | AT138: 0.38565022 | AU138: 98 | AV138: 53 | AW138: 84 | AX138: 43 | AY138: 1000 | AZ138: 0.43272469 | BA138: 0.58303352 | BB138: 0.43141761 | BC138: 0.55715053 | BD138: 0.41670511 | BE138: 0.5557434 | BF138: -0.14287578 | BG138: 0.11697612 | BH138: 1000 | BI138: 0.40461914 | BJ138: 0.52180057 | BK138: 9
... A146: nested__physiological_features__arousal__binary__rf__aggregated__hc+hvg__emognition_features_w60_o30 | B146: physiological_features | C146: arousal | D146: binary | E146: rf__aggregated__hc+hvg__emognition_features_w60_o30 | F146: 9 | G146: emognition_features_w60_o30 | H146: aggregated | I146: hc+hvg | J146: rf | K146: trial | L146: 10 | M146: 278 | N146: 42 | O146: 42 | P146: TRUE | Q146: subject_class_macro_recall | R146: 0.5002504 | S146: 42 | T146: 0 | U146: {"{\"clf__max_depth\": 12, \"clf__max_features\": \"sqrt\", \"clf__min_samples_leaf\": 1, \"clf__n_estimators\": 300}": 10, "{\"clf__max_depth\": 12, \"clf__max_features\": \"sqrt\", \"clf__min_samples_leaf\": 3, \"clf__n_estimators\": 300}": 7, "{\"clf__max_depth\": null, \"clf__max_features\": \"sqrt\", \"clf__min_samples_leaf\": 1, \"clf__n_estimators\": 300}": 8, "{\"clf__max_depth\": null, \"clf__max_features\": \"sqrt\", \"clf__min_samples_leaf\": 3, \"clf__n_estimators\": 300}": 17} | V146: {"clf__max_depth": null, "clf__max_features": "sqrt", "clf__min_samples_leaf": 3, "clf__n_estimators": 300} | W146: 0.4047619 | X146: FALSE | Y146: 411.54418 | Z146: 37.493089 | AA146: 5998.6295 | AB146: 278 | AC146: 2 | AD146: 0.48561151 | AE146: 0.47955885 | AF146: 0.47932489 | AG146: 0.47955885 | AH146: 0.47913473 | AI146: -0.041115593 | AJ146: [[83, 68], [75, 52]] | AK146: 0.46558377 | AL146: 0.44276966 | AM146: 151 | AN146: 0.52531646 | AO146: 0.54966887 | AP146: 0.53721683 | AQ146: 127 | AR146: 0.43333333 | AS146: 0.40944882 | AT146: 0.42105263 | AU146: 83 | AV146: 68 | AW146: 75 | AX146: 52 | AY146: 1000 | AZ146: 0.40844164 | BA146: 0.56002439 | BB146: 0.40405872 | BC146: 0.55210704 | BD146: 0.40252494 | BE146: 0.55004652 | BF146: -0.19357678 | BG146: 0.10209539 | BH146: 1000 | BI146: 0.42435937 | BJ146: 0.56987084 | BK146: 4
A147: experiment_id | B147: dataset_id | C147: target | D147: task_kind | E147: candidate_id | F147: candidate_order | G147: input_id | H147: input_mode | I147: representation | J147: model | K147: evaluation_unit | L147: total_candidate_count | M147: common_trial_count | N147: subjects_total | O147: outer_folds_run | P147: complete_loso | Q147: primary_metric | R147: primary_score | S147: primary_evaluable_subjects | T147: primary_excluded_subjects | U147: best_parameter_counts_json | V147: most_frequent_parameters_json | W147: parameter_stability_fraction | X147: quick_grid | Y147: inner_fit_seconds | Z147: outer_fit_seconds | AA147: target_run_seconds | AB147: n_samples | AC147: classes_observed | AD147: accuracy | AE147: balanced_accuracy | AF147: macro_precision | AG147: macro_recall | AH147: macro_f1 | AI147: mcc | AJ147: confusion_matrix_json | AK147: roc_auc | AL147: average_precision | AM147: support__low | AN147: precision__low | AO147: recall__low | AP147: f1__low | AQ147: support__middle | AR147: precision__middle | AS147: recall__middle | AT147: f1__middle | AU147: support__high | AV147: precision__high | AW147: recall__high | AX147: f1__high | AY147: bootstrap_repeats | AZ147: accuracy_ci_low | BA147: accuracy_ci_high | BB147: balanced_accuracy_ci_low | BC147: balanced_accuracy_ci_high | BD147: macro_f1_ci_low | BE147: macro_f1_ci_high | BF147: mcc_ci_low | BG147: mcc_ci_high | BH147: primary_score_bootstrap_valid_repeats | BI147: primary_score_ci_low | BJ147: primary_score_ci_high | BK147: primary_rank_within_target
A148: nested__physiological_features__valence__ternary__rf__windowed__hc__emognition_features_w60_o30 | B148: physiological_features | C148: valence | D148: ternary | E148: rf__windowed__hc__emognition_features_w60_o30 | F148: 0 | G148: emognition_features_w60_o30 | H148: windowed | I148: hc | J148: rf | K148: trial | L148: 10 | M148: 332 | N148: 42 | O148: 42 | P148: TRUE | Q148: subject_class_macro_recall | R148: 0.34098916 | S148: 42 | T148: 0 | U148: {"{\"clf__max_depth\": 12, \"clf__max_features\": \"sqrt\", \"clf__min_samples_leaf\": 1, \"clf__n_estimators\": 300}": 10, "{\"clf__max_depth\": 12, \"clf__max_features\": \"sqrt\", \"clf__min_samples_leaf\": 3, \"clf__n_estimators\": 300}": 8, "{\"clf__max_depth\": null, \"clf__max_features\": \"sqrt\", \"clf__min_samples_leaf\": 1, \"clf__n_estimators\": 300}": 14, "{\"clf__max_depth\": null, \"clf__max_features\": \"sqrt\", \"clf__min_samples_leaf\": 3, \"clf__n_estimators\": 300}": 10} | V148: {"clf__max_depth": null, "clf__max_features": "sqrt", "clf__min_samples_leaf": 1, "clf__n_estimators": 300} | W148: 0.33333333 | X148: FALSE | Y148: 427.57689 | Z148: 42.447692 | AA148: 5059.902 | AB148: 332 | AC148: 3 | AD148: 0.34337349 | AE148: 0.33948858 | AF148: 0.34181152 | AG148: 0.33948858 | AH148: 0.33683518 | AI148: 0.0077031803 | AJ148: [[34, 34, 36], [22, 25, 62], [29, 35, 55]] | AK148: 0.4948826 | AM148: 104 | AN148: 0.4 | AO148: 0.32692308 | AP148: 0.35978836 | AQ148: 109 | AR148: 0.26595745 | AS148: 0.2293578 | AT148: 0.24630542 | AU148: 119 | AV148: 0.35947712 | AW148: 0.46218487 | AX148: 0.40441176 | AY148: 1000 | AZ148: 0.28697669 | BA148: 0.40121298 | BB148: 0.28068817 | BC148: 0.39986186 | BD148: 0.27725237 | BE148: 0.39278154 | BF148: -0.082103139 | BG148: 0.098704879 | BH148: 1000 | BI148: 0.28511759 | BJ148: 0.39974402 | BK148: 7
A149: nested__physiological_features__valence__ternary__rf__windowed__nvg__emognition_features_w60_o30 | B149: physiological_features | C149: valence | D149: ternary | E149: rf__windowed__nvg__emognition_features_w60_o30 | F149: 1 | G149: emognition_features_w60_o30 | H149: windowed | I149: nvg | J149: rf | K149: trial | L149: 10 | M149: 332 | N149: 42 | O149: 42 | P149: TRUE | Q149: subject_class_macro_recall | R149: 0.38303024 | S149: 42 | T149: 0 | U149: {"{\"clf__max_depth\": 12, \"clf__max_features\": \"sqrt\", \"clf__min_samples_leaf\": 1, \"clf__n_estimators\": 300}": 12, "{\"clf__max_depth\": 12, \"clf__max_features\": \"sqrt\", \"clf__min_samples_leaf\": 3, \"clf__n_estimators\": 300}": 12, "{\"clf__max_depth\": null, \"clf__max_features\": \"sqrt\", \"clf__min_samples_leaf\": 1, \"clf__n_estimators\": 300}": 7, "{\"clf__max_depth\": null, \"clf__max_features\": \"sqrt\", \"clf__min_samples_leaf\": 3, \"clf__n_estimators\": 300}": 11} | V149: {"clf__max_depth": 12, "clf__max_features": "sqrt", "clf__min_samples_leaf": 3, "clf__n_estimators": 300} | W149: 0.28571429 | X149: FALSE | Y149: 419.35013 | Z149: 43.540201 | AA149: 5097.8677 | AB149: 332 | AC149: 3 | AD149: 0.38855422 | AE149: 0.38796828 | AF149: 0.39037138 | AG149: 0.38796828 | AH149: 0.38835203 | AI149: 0.079367078 | AJ149: [[43, 23, 38], [27, 36, 46], [29, 40, 50]] | AK149: 0.54798614 | AM149: 104 | AN149: 0.43434343 | AO149: 0.41346154 | AP149: 0.42364532 | AQ149: 109 | AR149: 0.36363636 | AS149: 0.33027523 | AT149: 0.34615385 | AU149: 119 | AV149: 0.37313433 | AW149: 0.42016807 | AX149: 0.39525692 | AY149: 1000 | AZ149: 0.33636364 | BA149: 0.43975904 | BB149: 0.33370338 | BC149: 0.44117174 | BD149: 0.33216809 | BE149: 0.4392022 | BF149: -0.0017264266 | BG149: 0.15794169 | BH149: 1000 | BI149: 0.32928983 | BJ149: 0.43556217 | BK149: 3
...

Sheet Results
BP1: # | BQ1: Win | BR1: # | BS1: Mode | BT1: # | BU1: Target | BV1: # | BW1: Type | BX1: # | BY1: Color scale | BZ1: # | CA1: Classification
B2: Window / Overlap | C2: 1 | D2: =VLOOKUP(C2,Win,2,0) -> w60_o30 | BP2: 1 | BQ2: w60_o30 | BR2: 1 | BS2: windowed | BT2: 1 | BU2: valence | BV2: 1 | BW2: input/model | BX2: 1 | BY2: no | BZ2: 1 | CA2: binary
BP3: 2 | BQ3: w60_o15 | BR3: 2 | BS3: aggregated | BT3: 2 | BU3: arousal | BV3: 2 | BW3: best overall | BX3: 2 | BY3: accuracy/mae | BZ3: 2 | CA3: ternary
B4: Input Mode | C4: 2 | D4: =VLOOKUP(C4,InputMode,2,0) -> aggregated | BP4: 3 | BQ4: w60_o0 | BX4: 3 | BY4: recall/rmse | BZ4: 3 | CA4: regression
BP5: 4 | BQ5: w45_o22p5 | BX5: 4 | BY5: precision/r2
B6: Target | C6: 2 | D6: =VLOOKUP(C6,Target,2,0) -> arousal | BP6: 5 | BQ6: w45_o11p25 | BX6: 5 | BY6: f1/primary score
BP7: 6 | BQ7: w45_o0
B8: Best Comparison | C8: 2 | BP8: 7 | BQ8: w30_o15
BP9: 8 | BQ9: w30_o7p5
B10: Color Scale | C10: 2 | BP10: 9 | BQ10: w30_o0
B12: Classification | C12: 2 | D12: =VLOOKUP(C12,Class,2,0) -> ternary
B14: Model | C14: Code | D14: HC | L14: NVG | T14: HVG | AB14: HC+NVG | AJ14: HC+HVG
D15: =IF($C$12=3,"MAE ↓","Accuracy ↑") -> Accuracy ↑ | E15: IsM | F15: =IF($C$12=3,"RMSE ↓","Recall ↑") -> Recall ↑ | G15: IsM | H15: =IF($C$12=3,"R2 ↑","Precision ↑") -> Precision ↑ | I15: IsM | J15: =IF($C$12=3,"Primary Score ↓","F1 ↑") -> F1 ↑ | K15: IsM | L15: =IF($C$12=3,"MAE ↓","Accuracy ↑") -> Accuracy ↑ | M15: IsM | N15: =IF($C$12=3,"RMSE ↓","Recall ↑") -> Recall ↑ | O15: IsM | P15: =IF($C$12=3,"R2 ↑","Precision ↑") -> Precision ↑ | Q15: IsM | R15: =IF($C$12=3,"Primary Score ↓","F1 ↑") -> F1 ↑ | S15: IsM | T15: =IF($C$12=3,"MAE ↓","Accuracy ↑") -> Accuracy ↑ | U15: IsM | V15: =IF($C$12=3,"RMSE ↓","Recall ↑") -> Recall ↑ | W15: IsM | X15: =IF($C$12=3,"R2 ↑","Precision ↑") -> Precision ↑ | Y15: IsM | Z15: =IF($C$12=3,"Primary Score ↓","F1 ↑") -> F1 ↑ | AA15: IsM | AB15: =IF($C$12=3,"MAE ↓","Accuracy ↑") -> Accuracy ↑ | AC15: IsM | AD15: =IF($C$12=3,"RMSE ↓","Recall ↑") -> Recall ↑ | AE15: IsM | AF15: =IF($C$12=3,"R2 ↑","Precision ↑") -> Precision ↑ | AG15: IsM | AH15: =IF($C$12=3,"Primary Score ↓","F1 ↑") -> F1 ↑ | AI15: IsM | AJ15: =IF($C$12=3,"MAE ↓","Accuracy ↑") -> Accuracy ↑ | AK15: IsM | AL15: =IF($C$12=3,"RMSE ↓","Recall ↑") -> Recall ↑ | AM15: IsM | AN15: =IF($C$12=3,"R2 ↑","Precision ↑") -> Precision ↑ | AO15: IsM | AP15: =IF($C$12=3,"Primary Score ↓","F1 ↑") -> F1 ↑ | AQ15: IsM
B16: RF | C16: =_xlfn.CONCAT("nested__physiological_features__",$D$6,"__",$D$12,"__",LOWER($B16),"__",$D$4,"__%Z%__emognition_features_",$D$2) -> nested__physiological_features__arousal__ternary__rf__aggregated__%Z%__emognition_features_w60_o30 | D16: =SUMIF(DATA!$A:$A,REPLACE($C16,FIND("%Z%",$C16),3,LOWER($D$14)),IF($C$12=3,DATA!$AC:$AC,DATA!$AD:$AD)) -> 0.36144578 | E16: =IF($C$12<>3,IF($C$8=1,AND(MAX($D16,$L16,$T16,$AB16,$AJ16)=D16,D16<>0),AND(MAX($D$16:$D$22,$L$16:$L$22,$T$16:$T$22,$AB$16:$AB$22,$AJ$16:$AJ$22)=D16,D16<>0)),IF($C$8=1,AND(MIN($D16,$L16,$T16,$AB16,$AJ16)=D16,D16<>0),AND(MIN($D$16:$D$22,$L$16:$L$22,$T$16:$T$22,$AB$16:$AB$22,$AJ$16:$AJ$22)=D16,D16<>0))) -> FALSE | F16: =SUMIF(DATA!$A:$A,REPLACE($C16,FIND("%Z%",$C16),3,LOWER($D$14)),IF($C$12=3,DATA!$AD:$AD,DATA!$AE:$AE)) -> 0.29357108 | G16: =IF($C$12<>3,IF($C$8=1,AND(MAX($F16,$N16,$V16,$AD16,$AL16)=F16,F16<>0),AND(MAX($F$16:$F$22,$N$16:$N$22,$V$16:$V$22,$AD$16:$AD$22,$AL$16:$AL$16)=F16,F16<>0)),IF($C$8=1,AND(MIN($F16,$N16,$V16,$AD16,$AL16)=F16,F16<>0),AND(MIN($F$16:$F$22,$N$16:$N$22,$V$16:$V$22,$AD$16:$AD$22,$AL$16:$AL$16)=F16,F16<>0))) -> FALSE | H16: =SUMIF(DATA!$A:$A,REPLACE($C16,FIND("%Z%",$C16),3,LOWER($D$14)),IF($C$12=3,DATA!$AE:$AE,DATA!$AF:$AF)) -> 0.26398322 | I16: =IF($C$8=1,AND(MAX($H16,$P16,$X16,$AF16,$AN16)=H16,H16<>0),AND(MAX($H$16:$H$22,$P$16:$P$22,$X$16:$X$22,$AF$16:$AF$22,$AN$16:$AN$22)=H16,H16<>0)) -> FALSE | J16: =SUMIF(DATA!$A:$A,REPLACE($C16,FIND("%Z%",$C16),3,LOWER($D$14)),IF($C$12=3,DATA!$R:$R,DATA!$AH:$AH)) -> 0.26145145 | K16: =IF($C$12<>3,IF($C$8=1,AND(MAX($J16,$R16,$Z16,$AH16,$AP16)=J16,J16<>0),AND(MAX($J$16:$J$22,$R$16:$R$22,$Z$16:$Z$22,$AH$16:$AH$22,$AP$16:$AP$22)=J16,J16<>0)), IF($C$8=1,AND(MIN($J16,$R16,$Z16,$AH16,$AP16)=J16,J16<>0),AND(MIN($J$16:$J$22,$R$16:$R$22,$Z$16:$Z$22,$AH$16:$AH$22,$AP$16:$AP$22)=J16,J16<>0))) -> FALSE | L16: =SUMIF(DATA!$A:$A,REPLACE($C16,FIND("%Z%",$C16),3,LOWER($L$14)),IF($C$12=3,DATA!$AC:$AC,DATA!$AD:$AD)) -> 0.39156627 | M16: =IF($C$12<>3,IF($C$8=1,AND(MAX($D16,$L16,$T16,$AB16,$AJ16)=L16,L16<>0),AND(MAX($D$16:$D$22,$L$16:$L$22,$T$16:$T$22,$AB$16:$AB$22,$AJ$16:$AJ$22)=L16,L16<>0)),IF($C$8=1,AND(MIN($D16,$L16,$T16,$AB16,$AJ16)=L16,L16<>0),AND(MIN($D$16:$D$22,$L$16:$L$22,$T$16:$T$22,$AB$16:$AB$22,$AJ$16:$AJ$22)=L16,L16<>0))) -> FALSE | N16: =SUMIF(DATA!$A:$A,REPLACE($C16,FIND("%Z%",$C16),3,LOWER($L$14)),IF($C$12=3,DATA!$AD:$AD,DATA!$AE:$AE)) -> 0.32386054 | O16: =IF($C$12<>3,IF($C$8=1,AND(MAX($F16,$N16,$V16,$AD16,$AL16)=N16,N16<>0),AND(MAX($F$16:$F$22,$N$16:$N$22,$V$16:$V$22,$AD$16:$AD$22,$AL$16:$AL$16)=N16,N16<>0)),IF($C$8=1,AND(MIN($F16,$N16,$V16,$AD16,$AL16)=N16,N16<>0),AND(MIN($F$16:$F$22,$N$16:$N$22,$V$16:$V$22,$AD$16:$AD$22,$AL$16:$AL$16)=N16,N16<>0))) -> FALSE | P16: =SUMIF(DATA!$A:$A,REPLACE($C16,FIND("%Z%",$C16),3,LOWER($L$14)),IF($C$12=3,DATA!$AE:$AE,DATA!$AF:$AF)) -> 0.31546155 | Q16: =IF($C$8=1,AND(MAX($H16,$P16,$X16,$AF16,$AN16)=P16,P16<>0),AND(MAX($H$16:$H$22,$P$16:$P$22,$X$16:$X$22,$AF$16:$AF$22,$AN$16:$AN$22)=P16,P16<>0)) -> FALSE | R16: =SUMIF(DATA!$A:$A,REPLACE($C16,FIND("%Z%",$C16),3,LOWER($L$14)),IF($C$12=3,DATA!$R:$R,DATA!$AH:$AH)) -> 0.29530694 | S16: =IF($C$12<>3,IF($C$8=1,AND(MAX($J16,$R16,$Z16,$AH16,$AP16)=R16,R16<>0),AND(MAX($J$16:$J$22,$R$16:$R$22,$Z$16:$Z$22,$AH$16:$AH$22,$AP$16:$AP$22)=R16,R16<>0)), IF($C$8=1,AND(MIN($J16,$R16,$Z16,$AH16,$AP16)=R16,R16<>0),AND(MIN($J$16:$J$22,$R$16:$R$22,$Z$16:$Z$22,$AH$16:$AH$22,$AP$16:$AP$22)=R16,R16<>0))) -> FALSE | T16: =SUMIF(DATA!$A:$A,REPLACE($C16,FIND("%Z%",$C16),3,LOWER($T$14)),IF($C$12=3,DATA!$AC:$AC,DATA!$AD:$AD)) -> 0.37951807 | U16: =IF($C$12<>3,IF($C$8=1,AND(MAX($D16,$L16,$T16,$AB16,$AJ16)=T16,T16<>0),AND(MAX($D$16:$D$22,$L$16:$L$22,$T$16:$T$22,$AB$16:$AB$22,$AJ$16:$AJ$22)=T16,T16<>0)),IF($C$8=1,AND(MIN($D16,$L16,$T16,$AB16,$AJ16)=T16,T16<>0),AND(MIN($D$16:$D$22,$L$16:$L$22,$T$16:$T$22,$AB$16:$AB$22,$AJ$16:$AJ$22)=T16,T16<>0))) -> FALSE | V16: =SUMIF(DATA!$A:$A,REPLACE($C16,FIND("%Z%",$C16),3,LOWER($T$14)),IF($C$12=3,DATA!$AD:$AD,DATA!$AE:$AE)) -> 0.31790852 | W16: =IF($C$12<>3,IF($C$8=1,AND(MAX($F16,$N16,$V16,$AD16,$AL16)=V16,V16<>0),AND(MAX($F$16:$F$22,$N$16:$N$22,$V$16:$V$22,$AD$16:$AD$22,$AL$16:$AL$16)=V16,V16<>0)),IF($C$8=1,AND(MIN($F16,$N16,$V16,$AD16,$AL16)=V16,V16<>0),AND(MIN($F$16:$F$22,$N$16:$N$22,$V$16:$V$22,$AD$16:$AD$22,$AL$16:$AL$16)=V16,V16<>0))) -> FALSE | X16: =SUMIF(DATA!$A:$A,REPLACE($C16,FIND("%Z%",$C16),3,LOWER($T$14)),IF($C$12=3,DATA!$AE:$AE,DATA!$AF:$AF)) -> 0.29576207 | Y16: =IF($C$8=1,AND(MAX($H16,$P16,$X16,$AF16,$AN16)=X16,X16<>0),AND(MAX($H$16:$H$22,$P$16:$P$22,$X$16:$X$22,$AF$16:$AF$22,$AN$16:$AN$22)=X16,X16<>0)) -> FALSE | Z16: =SUMIF(DATA!$A:$A,REPLACE($C16,FIND("%Z%",$C16),3,LOWER($T$14)),IF($C$12=3,DATA!$R:$R,DATA!$AH:$AH)) -> 0.29345362 | AA16: =IF($C$12<>3,IF($C$8=1,AND(MAX($J16,$R16,$Z16,$AH16,$AP16)=Z16,Z16<>0),AND(MAX($J$16:$J$22,$R$16:$R$22,$Z$16:$Z$22,$AH$16:$AH$22,$AP$16:$AP$22)=Z16,Z16<>0)), IF($C$8=1,AND(MIN($J16,$R16,$Z16,$AH16,$AP16)=Z16,Z16<>0),AND(MIN($J$16:$J$22,$R$16:$R$22,$Z$16:$Z$22,$AH$16:$AH$22,$AP$16:$AP$22)=Z16,Z16<>0))) -> FALSE | AB16: =SUMIF(DATA!$A:$A,REPLACE($C16,FIND("%Z%",$C16),3,LOWER($AB$14)),IF($C$12=3,DATA!$AC:$AC,DATA!$AD:$AD)) -> 0.39457831 | AC16: =IF($C$12<>3,IF($C$8=1,AND(MAX($D16,$L16,$T16,$AB16,$AJ16)=AB16,AB16<>0),AND(MAX($D$16:$D$22,$L$16:$L$22,$T$16:$T$22,$AB$16:$AB$22,$AJ$16:$AJ$22)=AB16,AB16<>0)),IF($C$8=1,AND(MIN($D16,$L16,$T16,$AB16,$AJ16)=AB16,AB16<>0),AND(MIN($D$16:$D$22,$L$16:$L$22,$T$16:$T$22,$AB$16:$AB$22,$AJ$16:$AJ$22)=AB16,AB16<>0))) -> FALSE | AD16: =SUMIF(DATA!$A:$A,REPLACE($C16,FIND("%Z%",$C16),3,LOWER($AB$14)),IF($C$12=3,DATA!$AD:$AD,DATA!$AE:$AE)) -> 0.31845087 | AE16: =IF($C$12<>3,IF($C$8=1,AND(MAX($F16,$N16,$V16,$AD16,$AL16)=AD16,AD16<>0),AND(MAX($F$16:$F$22,$N$16:$N$22,$V$16:$V$22,$AD$16:$AD$22,$AL$16:$AL$16)=AD16,AD16<>0)),IF($C$8=1,AND(MIN($F16,$N16,$V16,$AD16,$AL16)=AD16,AD16<>0),AND(MIN($F$16:$F$22,$N$16:$N$22,$V$16:$V$22,$AD$16:$AD$22,$AL$16:$AL$16)=AD16,AD16<>0))) -> FALSE | AF16: =SUMIF(DATA!$A:$A,REPLACE($C16,FIND("%Z%",$C16),3,LOWER($AB$14)),IF($C$12=3,DATA!$AE:$AE,DATA!$AF:$AF)) -> 0.28980884 | AG16: =IF($C$8=1,AND(MAX($H16,$P16,$X16,$AF16,$AN16)=AF16,AF16<>0),AND(MAX($H$16:$H$22,$P$16:$P$22,$X$16:$X$22,$AF$16:$AF$22,$AN$16:$AN$22)=AF16,AF16<>0)) -> FALSE | AH16: =SUMIF(DATA!$A:$A,REPLACE($C16,FIND("%Z%",$C16),3,LOWER($AB$14)),IF($C$12=3,DATA!$R:$R,DATA!$AH:$AH)) -> 0.27634656 | AI16: =IF($C$12<>3,IF($C$8=1,AND(MAX($J16,$R16,$Z16,$AH16,$AP16)=AH16,AH16<>0),AND(MAX($J$16:$J$22,$R$16:$R$22,$Z$16:$Z$22,$AH$16:$AH$22,$AP$16:$AP$22)=AH16,AH16<>0)), IF($C$8=1,AND(MIN($J16,$R16,$Z16,$AH16,$AP16)=AH16,AH16<>0),AND(MIN($J$16:$J$22,$R$16:$R$22,$Z$16:$Z$22,$AH$16:$AH$22,$AP$16:$AP$22)=AH16,AH16<>0))) -> FALSE | AJ16: =SUMIF(DATA!$A:$A,REPLACE($C16,FIND("%Z%",$C16),3,LOWER($AJ$14)),IF($C$12=3,DATA!$AC:$AC,DATA!$AD:$AD)) -> 0.37048193 | AK16: =IF($C$12<>3,IF($C$8=1,AND(MAX($D16,$L16,$T16,$AB16,$AJ16)=AJ16,AJ16<>0),AND(MAX($D$16:$D$22,$L$16:$L$22,$T$16:$T$22,$AB$16:$AB$22,$AJ$16:$AJ$22)=AJ16,AJ16<>0)),IF($C$8=1,AND(MIN($D16,$L16,$T16,$AB16,$AJ16)=AJ16,AJ16<>0),AND(MIN($D$16:$D$22,$L$16:$L$22,$T$16:$T$22,$AB$16:$AB$22,$AJ$16:$AJ$22)=AJ16,AJ16<>0))) -> FALSE | AL16: =SUMIF(DATA!$A:$A,REPLACE($C16,FIND("%Z%",$C16),3,LOWER($AJ$14)),IF($C$12=3,DATA!$AD:$AD,DATA!$AE:$AE)) -> 0.3031748 | AM16: =IF($C$12<>3,IF($C$8=1,AND(MAX($F16,$N16,$V16,$AD16,$AL16)=AL16,AL16<>0),AND(MAX($F$16:$F$22,$N$16:$N$22,$V$16:$V$22,$AD$16:$AD$22,$AL$16:$AL$16)=AL16,AL16<>0)),IF($C$8=1,AND(MIN($F16,$N16,$V16,$AD16,$AL16)=AL16,AL16<>0),AND(MIN($F$16:$F$22,$N$16:$N$22,$V$16:$V$22,$AD$16:$AD$22,$AL$16:$AL$16)=AL16,AL16<>0))) -> FALSE | AN16: =SUMIF(DATA!$A:$A,REPLACE($C16,FIND("%Z%",$C16),3,LOWER($AJ$14)),IF($C$12=3,DATA!$AE:$AE,DATA!$AF:$AF)) -> 0.28125046 | AO16: =IF($C$8=1,AND(MAX($H16,$P16,$X16,$AF16,$AN16)=AN16,AN16<>0),AND(MAX($H$16:$H$22,$P$16:$P$22,$X$16:$X$22,$AF$16:$AF$22,$AN$16:$AN$22)=AN16,AN16<>0)) -> FALSE | AP16: =SUMIF(DATA!$A:$A,REPLACE($C16,FIND("%Z%",$C16),3,LOWER($AJ$14)),IF($C$12=3,DATA!$R:$R,DATA!$AH:$AH)) -> 0.27217265 | AQ16: =IF($C$12<>3,IF($C$8=1,AND(MAX($J16,$R16,$Z16,$AH16,$AP16)=AP16,AP16<>0),AND(MAX($J$16:$J$22,$R$16:$R$22,$Z$16:$Z$22,$AH$16:$AH$22,$AP$16:$AP$22)=AP16,AP16<>0)), IF($C$8=1,AND(MIN($J16,$R16,$Z16,$AH16,$AP16)=AP16,AP16<>0),AND(MIN($J$16:$J$22,$R$16:$R$22,$Z$16:$Z$22,$AH$16:$AH$22,$AP$16:$AP$22)=AP16,AP16<>0))) -> FALSE
B17: KNN | C17: =_xlfn.CONCAT("nested__physiological_features__",$D$6,"__",$D$12,"__",LOWER($B17),"__",$D$4,"__%Z%__emognition_features_",$D$2) -> nested__physiological_features__arousal__ternary__knn__aggregated__%Z%__emognition_features_w60_o30 | D17: =SUMIF(DATA!$A:$A,REPLACE($C17,FIND("%Z%",$C17),3,LOWER($D$14)),IF($C$12=3,DATA!$AC:$AC,DATA!$AD:$AD)) -> 0.39457831 | E17: =IF($C$12<>3,IF($C$8=1,AND(MAX($D17,$L17,$T17,$AB17,$AJ17)=D17,D17<>0),AND(MAX($D$16:$D$22,$L$16:$L$22,$T$16:$T$22,$AB$16:$AB$22,$AJ$16:$AJ$22)=D17,D17<>0)),IF($C$8=1,AND(MIN($D17,$L17,$T17,$AB17,$AJ17)=D17,D17<>0),AND(MIN($D$16:$D$22,$L$16:$L$22,$T$16:$T$22,$AB$16:$AB$22,$AJ$16:$AJ$22)=D17,D17<>0))) -> FALSE | F17: =SUMIF(DATA!$A:$A,REPLACE($C17,FIND("%Z%",$C17),3,LOWER($D$14)),IF($C$12=3,DATA!$AD:$AD,DATA!$AE:$AE)) -> 0.35830842 | G17: =IF($C$12<>3,IF($C$8=1,AND(MAX($F17,$N17,$V17,$AD17,$AL17)=F17,F17<>0),AND(MAX($F$16:$F$22,$N$16:$N$22,$V$16:$V$22,$AD$16:$AD$22,$AL$16:$AL$16)=F17,F17<>0)),IF($C$8=1,AND(MIN($F17,$N17,$V17,$AD17,$AL17)=F17,F17<>0),AND(MIN($F$16:$F$22,$N$16:$N$22,$V$16:$V$22,$AD$16:$AD$22,$AL$16:$AL$16)=F17,F17<>0))) -> FALSE | H17: =SUMIF(DATA!$A:$A,REPLACE($C17,FIND("%Z%",$C17),3,LOWER($D$14)),IF($C$12=3,DATA!$AE:$AE,DATA!$AF:$AF)) -> 0.35801414 | I17: =IF($C$8=1,AND(MAX($H17,$P17,$X17,$AF17,$AN17)=H17,H17<>0),AND(MAX($H$16:$H$22,$P$16:$P$22,$X$16:$X$22,$AF$16:$AF$22,$AN$16:$AN$22)=H17,H17<>0)) -> FALSE | J17: =SUMIF(DATA!$A:$A,REPLACE($C17,FIND("%Z%",$C17),3,LOWER($D$14)),IF($C$12=3,DATA!$R:$R,DATA!$AH:$AH)) -> 0.35617577 | K17: =IF($C$12<>3,IF($C$8=1,AND(MAX($J17,$R17,$Z17,$AH17,$AP17)=J17,J17<>0),AND(MAX($J$16:$J$22,$R$16:$R$22,$Z$16:$Z$22,$AH$16:$AH$22,$AP$16:$AP$22)=J17,J17<>0)), IF($C$8=1,AND(MIN($J17,$R17,$Z17,$AH17,$AP17)=J17,J17<>0),AND(MIN($J$16:$J$22,$R$16:$R$22,$Z$16:$Z$22,$AH$16:$AH$22,$AP$16:$AP$22)=J17,J17<>0))) -> FALSE | L17: =SUMIF(DATA!$A:$A,REPLACE($C17,FIND("%Z%",$C17),3,LOWER($L$14)),IF($C$12=3,DATA!$AC:$AC,DATA!$AD:$AD)) -> 0.37650602 | M17: =IF($C$12<>3,IF($C$8=1,AND(MAX($D17,$L17,$T17,$AB17,$AJ17)=L17,L17<>0),AND(MAX($D$16:$D$22,$L$16:$L$22,$T$16:$T$22,$AB$16:$AB$22,$AJ$16:$AJ$22)=L17,L17<>0)),IF($C$8=1,AND(MIN($D17,$L17,$T17,$AB17,$AJ17)=L17,L17<>0),AND(MIN($D$16:$D$22,$L$16:$L$22,$T$16:$T$22,$AB$16:$AB$22,$AJ$16:$AJ$22)=L17,L17<>0))) -> FALSE | N17: =SUMIF(DATA!$A:$A,REPLACE($C17,FIND("%Z%",$C17),3,LOWER($L$14)),IF($C$12=3,DATA!$AD:$AD,DATA!$AE:$AE)) -> 0.33143904 | O17: =IF($C$12<>3,IF($C$8=1,AND(MAX($F17,$N17,$V17,$AD17,$AL17)=N17,N17<>0),AND(MAX($F$16:$F$22,$N$16:$N$22,$V$16:$V$22,$AD$16:$AD$22,$AL$16:$AL$16)=N17,N17<>0)),IF($C$8=1,AND(MIN($F17,$N17,$V17,$AD17,$AL17)=N17,N17<>0),AND(MIN($F$16:$F$22,$N$16:$N$22,$V$16:$V$22,$AD$16:$AD$22,$AL$16:$AL$16)=N17,N17<>0))) -> FALSE | P17: =SUMIF(DATA!$A:$A,REPLACE($C17,FIND("%Z%",$C17),3,LOWER($L$14)),IF($C$12=3,DATA!$AE:$AE,DATA!$AF:$AF)) -> 0.33715032 | Q17: =IF($C$8=1,AND(MAX($H17,$P17,$X17,$AF17,$AN17)=P17,P17<>0),AND(MAX($H$16:$H$22,$P$16:$P$22,$X$16:$X$22,$AF$16:$AF$22,$AN$16:$AN$22)=P17,P17<>0)) -> FALSE | R17: =SUMIF(DATA!$A:$A,REPLACE($C17,FIND("%Z%",$C17),3,LOWER($L$14)),IF($C$12=3,DATA!$R:$R,DATA!$AH:$AH)) -> 0.32459281 | S17: =IF($C$12<>3,IF($C$8=1,AND(MAX($J17,$R17,$Z17,$AH17,$AP17)=R17,R17<>0),AND(MAX($J$16:$J$22,$R$16:$R$22,$Z$16:$Z$22,$AH$16:$AH$22,$AP$16:$AP$22)=R17,R17<>0)), IF($C$8=1,AND(MIN($J17,$R17,$Z17,$AH17,$AP17)=R17,R17<>0),AND(MIN($J$16:$J$22,$R$16:$R$22,$Z$16:$Z$22,$AH$16:$AH$22,$AP$16:$AP$22)=R17,R17<>0))) -> FALSE | T17: =SUMIF(DATA!$A:$A,REPLACE($C17,FIND("%Z%",$C17),3,LOWER($T$14)),IF($C$12=3,DATA!$AC:$AC,DATA!$AD:$AD)) -> 0.38855422 | U17: =IF($C$12<>3,IF($C$8=1,AND(MAX($D17,$L17,$T17,$AB17,$AJ17)=T17,T17<>0),AND(MAX($D$16:$D$22,$L$16:$L$22,$T$16:$T$22,$AB$16:$AB$22,$AJ$16:$AJ$22)=T17,T17<>0)),IF($C$8=1,AND(MIN($D17,$L17,$T17,$AB17,$AJ17)=T17,T17<>0),AND(MIN($D$16:$D$22,$L$16:$L$22,$T$16:$T$22,$AB$16:$AB$22,$AJ$16:$AJ$22)=T17,T17<>0))) -> FALSE | V17: =SUMIF(DATA!$A:$A,REPLACE($C17,FIND("%Z%",$C17),3,LOWER($T$14)),IF($C$12=3,DATA!$AD:$AD,DATA!$AE:$AE)) -> 0.345158 | W17: =IF($C$12<>3,IF($C$8=1,AND(MAX($F17,$N17,$V17,$AD17,$AL17)=V17,V17<>0),AND(MAX($F$16:$F$22,$N$16:$N$22,$V$16:$V$22,$AD$16:$AD$22,$AL$16:$AL$16)=V17,V17<>0)),IF($C$8=1,AND(MIN($F17,$N17,$V17,$AD17,$AL17)=V17,V17<>0),AND(MIN($F$16:$F$22,$N$16:$N$22,$V$16:$V$22,$AD$16:$AD$22,$AL$16:$AL$16)=V17,V17<>0))) -> FALSE | X17: =SUMIF(DATA!$A:$A,REPLACE($C17,FIND("%Z%",$C17),3,LOWER($T$14)),IF($C$12=3,DATA!$AE:$AE,DATA!$AF:$AF)) -> 0.34825122 | Y17: =IF($C$8=1,AND(MAX($H17,$P17,$X17,$AF17,$AN17)=X17,X17<>0),AND(MAX($H$16:$H$22,$P$16:$P$22,$X$16:$X$22,$AF$16:$AF$22,$AN$16:$AN$22)=X17,X17<>0)) -> FALSE | Z17: =SUMIF(DATA!$A:$A,REPLACE($C17,FIND("%Z%",$C17),3,LOWER($T$14)),IF($C$12=3,DATA!$R:$R,DATA!$AH:$AH)) -> 0.33998096 | AA17: =IF($C$12<>3,IF($C$8=1,AND(MAX($J17,$R17,$Z17,$AH17,$AP17)=Z17,Z17<>0),AND(MAX($J$16:$J$22,$R$16:$R$22,$Z$16:$Z$22,$AH$16:$AH$22,$AP$16:$AP$22)=Z17,Z17<>0)), IF($C$8=1,AND(MIN($J17,$R17,$Z17,$AH17,$AP17)=Z17,Z17<>0),AND(MIN($J$16:$J$22,$R$16:$R$22,$Z$16:$Z$22,$AH$16:$AH$22,$AP$16:$AP$22)=Z17,Z17<>0))) -> FALSE | AB17: =SUMIF(DATA!$A:$A,REPLACE($C17,FIND("%Z%",$C17),3,LOWER($AB$14)),IF($C$12=3,DATA!$AC:$AC,DATA!$AD:$AD)) -> 0.36144578 | AC17: =IF($C$12<>3,IF($C$8=1,AND(MAX($D17,$L17,$T17,$AB17,$AJ17)=AB17,AB17<>0),AND(MAX($D$16:$D$22,$L$16:$L$22,$T$16:$T$22,$AB$16:$AB$22,$AJ$16:$AJ$22)=AB17,AB17<>0)),IF($C$8=1,AND(MIN($D17,$L17,$T17,$AB17,$AJ17)=AB17,AB17<>0),AND(MIN($D$16:$D$22,$L$16:$L$22,$T$16:$T$22,$AB$16:$AB$22,$AJ$16:$AJ$22)=AB17,AB17<>0))) -> FALSE | AD17: =SUMIF(DATA!$A:$A,REPLACE($C17,FIND("%Z%",$C17),3,LOWER($AB$14)),IF($C$12=3,DATA!$AD:$AD,DATA!$AE:$AE)) -> 0.32738078 | AE17: =IF($C$12<>3,IF($C$8=1,AND(MAX($F17,$N17,$V17,$AD17,$AL17)=AD17,AD17<>0),AND(MAX($F$16:$F$22,$N$16:$N$22,$V$16:$V$22,$AD$16:$AD$22,$AL$16:$AL$16)=AD17,AD17<>0)),IF($C$8=1,AND(MIN($F17,$N17,$V17,$AD17,$AL17)=AD17,AD17<>0),AND(MIN($F$16:$F$22,$N$16:$N$22,$V$16:$V$22,$AD$16:$AD$22,$AL$16:$AL$16)=AD17,AD17<>0))) -> FALSE | AF17: =SUMIF(DATA!$A:$A,REPLACE($C17,FIND("%Z%",$C17),3,LOWER($AB$14)),IF($C$12=3,DATA!$AE:$AE,DATA!$AF:$AF)) -> 0.31888146 | AG17: =IF($C$8=1,AND(MAX($H17,$P17,$X17,$AF17,$AN17)=AF17,AF17<>0),AND(MAX($H$16:$H$22,$P$16:$P$22,$X$16:$X$22,$AF$16:$AF$22,$AN$16:$AN$22)=AF17,AF17<>0)) -> FALSE | AH17: =SUMIF(DATA!$A:$A,REPLACE($C17,FIND("%Z%",$C17),3,LOWER($AB$14)),IF($C$12=3,DATA!$R:$R,DATA!$AH:$AH)) -> 0.31881183 | AI17: =IF($C$12<>3,IF($C$8=1,AND(MAX($J17,$R17,$Z17,$AH17,$AP17)=AH17,AH17<>0),AND(MAX($J$16:$J$22,$R$16:$R$22,$Z$16:$Z$22,$AH$16:$AH$22,$AP$16:$AP$22)=AH17,AH17<>0)), IF($C$8=1,AND(MIN($J17,$R17,$Z17,$AH17,$AP17)=AH17,AH17<>0),AND(MIN($J$16:$J$22,$R$16:$R$22,$Z$16:$Z$22,$AH$16:$AH$22,$AP$16:$AP$22)=AH17,AH17<>0))) -> FALSE | AJ17: =SUMIF(DATA!$A:$A,REPLACE($C17,FIND("%Z%",$C17),3,LOWER($AJ$14)),IF($C$12=3,DATA!$AC:$AC,DATA!$AD:$AD)) -> 0.39457831 | AK17: =IF($C$12<>3,IF($C$8=1,AND(MAX($D17,$L17,$T17,$AB17,$AJ17)=AJ17,AJ17<>0),AND(MAX($D$16:$D$22,$L$16:$L$22,$T$16:$T$22,$AB$16:$AB$22,$AJ$16:$AJ$22)=AJ17,AJ17<>0)),IF($C$8=1,AND(MIN($D17,$L17,$T17,$AB17,$AJ17)=AJ17,AJ17<>0),AND(MIN($D$16:$D$22,$L$16:$L$22,$T$16:$T$22,$AB$16:$AB$22,$AJ$16:$AJ$22)=AJ17,AJ17<>0))) -> FALSE | AL17: =SUMIF(DATA!$A:$A,REPLACE($C17,FIND("%Z%",$C17),3,LOWER($AJ$14)),IF($C$12=3,DATA!$AD:$AD,DATA!$AE:$AE)) -> 0.35468748 | AM17: =IF($C$12<>3,IF($C$8=1,AND(MAX($F17,$N17,$V17,$AD17,$AL17)=AL17,AL17<>0),AND(MAX($F$16:$F$22,$N$16:$N$22,$V$16:$V$22,$AD$16:$AD$22,$AL$16:$AL$16)=AL17,AL17<>0)),IF($C$8=1,AND(MIN($F17,$N17,$V17,$AD17,$AL17)=AL17,AL17<>0),AND(MIN($F$16:$F$22,$N$16:$N$22,$V$16:$V$22,$AD$16:$AD$22,$AL$16:$AL$16)=AL17,AL17<>0))) -> FALSE | AN17: =SUMIF(DATA!$A:$A,REPLACE($C17,FIND("%Z%",$C17),3,LOWER($AJ$14)),IF($C$12=3,DATA!$AE:$AE,DATA!$AF:$AF)) -> 0.35088157 | AO17: =IF($C$8=1,AND(MAX($H17,$P17,$X17,$AF17,$AN17)=AN17,AN17<>0),AND(MAX($H$16:$H$22,$P$16:$P$22,$X$16:$X$22,$AF$16:$AF$22,$AN$16:$AN$22)=AN17,AN17<>0)) -> FALSE | AP17: =SUMIF(DATA!$A:$A,REPLACE($C17,FIND("%Z%",$C17),3,LOWER($AJ$14)),IF($C$12=3,DATA!$R:$R,DATA!$AH:$AH)) -> 0.35019991 | AQ17: =IF($C$12<>3,IF($C$8=1,AND(MAX($J17,$R17,$Z17,$AH17,$AP17)=AP17,AP17<>0),AND(MAX($J$16:$J$22,$R$16:$R$22,$Z$16:$Z$22,$AH$16:$AH$22,$AP$16:$AP$22)=AP17,AP17<>0)), IF($C$8=1,AND(MIN($J17,$R17,$Z17,$AH17,$AP17)=AP17,AP17<>0),AND(MIN($J$16:$J$22,$R$16:$R$22,$Z$16:$Z$22,$AH$16:$AH$22,$AP$16:$AP$22)=AP17,AP17<>0))) -> FALSE
B18: SVM | C18: =_xlfn.CONCAT("nested__physiological_features__",$D$6,"__",$D$12,"__",LOWER($B18),"__",$D$4,"__%Z%__emognition_features_",$D$2) -> nested__physiological_features__arousal__ternary__svm__aggregated__%Z%__emognition_features_w60_o30 | D18: =SUMIF(DATA!$A:$A,REPLACE($C18,FIND("%Z%",$C18),3,LOWER($D$14)),IF($C$12=3,DATA!$AC:$AC,DATA!$AD:$AD)) -> 0.37349398 | E18: =IF($C$12<>3,IF($C$8=1,AND(MAX($D18,$L18,$T18,$AB18,$AJ18)=D18,D18<>0),AND(MAX($D$16:$D$22,$L$16:$L$22,$T$16:$T$22,$AB$16:$AB$22,$AJ$16:$AJ$22)=D18,D18<>0)),IF($C$8=1,AND(MIN($D18,$L18,$T18,$AB18,$AJ18)=D18,D18<>0),AND(MIN($D$16:$D$22,$L$16:$L$22,$T$16:$T$22,$AB$16:$AB$22,$AJ$16:$AJ$22)=D18,D18<>0))) -> FALSE | F18: =SUMIF(DATA!$A:$A,REPLACE($C18,FIND("%Z%",$C18),3,LOWER($D$14)),IF($C$12=3,DATA!$AD:$AD,DATA!$AE:$AE)) -> 0.34584855 | G18: =IF($C$12<>3,IF($C$8=1,AND(MAX($F18,$N18,$V18,$AD18,$AL18)=F18,F18<>0),AND(MAX($F$16:$F$22,$N$16:$N$22,$V$16:$V$22,$AD$16:$AD$22,$AL$16:$AL$16)=F18,F18<>0)),IF($C$8=1,AND(MIN($F18,$N18,$V18,$AD18,$AL18)=F18,F18<>0),AND(MIN($F$16:$F$22,$N$16:$N$22,$V$16:$V$22,$AD$16:$AD$22,$AL$16:$AL$16)=F18,F18<>0))) -> FALSE | H18: =SUMIF(DATA!$A:$A,REPLACE($C18,FIND("%Z%",$C18),3,LOWER($D$14)),IF($C$12=3,DATA!$AE:$AE,DATA!$AF:$AF)) -> 0.3535208 | I18: =IF($C$8=1,AND(MAX($H18,$P18,$X18,$AF18,$AN18)=H18,H18<>0),AND(MAX($H$16:$H$22,$P$16:$P$22,$X$16:$X$22,$AF$16:$AF$22,$AN$16:$AN$22)=H18,H18<>0)) -> FALSE | J18: =SUMIF(DATA!$A:$A,REPLACE($C18,FIND("%Z%",$C18),3,LOWER($D$14)),IF($C$12=3,DATA!$R:$R,DATA!$AH:$AH)) -> 0.34438526 | K18: =IF($C$12<>3,IF($C$8=1,AND(MAX($J18,$R18,$Z18,$AH18,$AP18)=J18,J18<>0),AND(MAX($J$16:$J$22,$R$16:$R$22,$Z$16:$Z$22,$AH$16:$AH$22,$AP$16:$AP$22)=J18,J18<>0)), IF($C$8=1,AND(MIN($J18,$R18,$Z18,$AH18,$AP18)=J18,J18<>0),AND(MIN($J$16:$J$22,$R$16:$R$22,$Z$16:$Z$22,$AH$16:$AH$22,$AP$16:$AP$22)=J18,J18<>0))) -> FALSE | L18: =SUMIF(DATA!$A:$A,REPLACE($C18,FIND("%Z%",$C18),3,LOWER($L$14)),IF($C$12=3,DATA!$AC:$AC,DATA!$AD:$AD)) -> 0.37048193 | M18: =IF($C$12<>3,IF($C$8=1,AND(MAX($D18,$L18,$T18,$AB18,$AJ18)=L18,L18<>0),AND(MAX($D$16:$D$22,$L$16:$L$22,$T$16:$T$22,$AB$16:$AB$22,$AJ$16:$AJ$22)=L18,L18<>0)),IF($C$8=1,AND(MIN($D18,$L18,$T18,$AB18,$AJ18)=L18,L18<>0),AND(MIN($D$16:$D$22,$L$16:$L$22,$T$16:$T$22,$AB$16:$AB$22,$AJ$16:$AJ$22)=L18,L18<>0))) -> FALSE | N18: =SUMIF(DATA!$A:$A,REPLACE($C18,FIND("%Z%",$C18),3,LOWER($L$14)),IF($C$12=3,DATA!$AD:$AD,DATA!$AE:$AE)) -> 0.35825119 | O18: =IF($C$12<>3,IF($C$8=1,AND(MAX($F18,$N18,$V18,$AD18,$AL18)=N18,N18<>0),AND(MAX($F$16:$F$22,$N$16:$N$22,$V$16:$V$22,$AD$16:$AD$22,$AL$16:$AL$16)=N18,N18<>0)),IF($C$8=1,AND(MIN($F18,$N18,$V18,$AD18,$AL18)=N18,N18<>0),AND(MIN($F$16:$F$22,$N$16:$N$22,$V$16:$V$22,$AD$16:$AD$22,$AL$16:$AL$16)=N18,N18<>0))) -> FALSE | P18: =SUMIF(DATA!$A:$A,REPLACE($C18,FIND("%Z%",$C18),3,LOWER($L$14)),IF($C$12=3,DATA!$AE:$AE,DATA!$AF:$AF)) -> 0.36041741 | Q18: =IF($C$8=1,AND(MAX($H18,$P18,$X18,$AF18,$AN18)=P18,P18<>0),AND(MAX($H$16:$H$22,$P$16:$P$22,$X$16:$X$22,$AF$16:$AF$22,$AN$16:$AN$22)=P18,P18<>0)) -> FALSE | R18: =SUMIF(DATA!$A:$A,REPLACE($C18,FIND("%Z%",$C18),3,LOWER($L$14)),IF($C$12=3,DATA!$R:$R,DATA!$AH:$AH)) -> 0.3582242 | S18: =IF($C$12<>3,IF($C$8=1,AND(MAX($J18,$R18,$Z18,$AH18,$AP18)=R18,R18<>0),AND(MAX($J$16:$J$22,$R$16:$R$22,$Z$16:$Z$22,$AH$16:$AH$22,$AP$16:$AP$22)=R18,R18<>0)), IF($C$8=1,AND(MIN($J18,$R18,$Z18,$AH18,$AP18)=R18,R18<>0),AND(MIN($J$16:$J$22,$R$16:$R$22,$Z$16:$Z$22,$AH$16:$AH$22,$AP$16:$AP$22)=R18,R18<>0))) -> FALSE | T18: =SUMIF(DATA!$A:$A,REPLACE($C18,FIND("%Z%",$C18),3,LOWER($T$14)),IF($C$12=3,DATA!$AC:$AC,DATA!$AD:$AD)) -> 0.34337349 | U18: =IF($C$12<>3,IF($C$8=1,AND(MAX($D18,$L18,$T18,$AB18,$AJ18)=T18,T18<>0),AND(MAX($D$16:$D$22,$L$16:$L$22,$T$16:$T$22,$AB$16:$AB$22,$AJ$16:$AJ$22)=T18,T18<>0)),IF($C$8=1,AND(MIN($D18,$L18,$T18,$AB18,$AJ18)=T18,T18<>0),AND(MIN($D$16:$D$22,$L$16:$L$22,$T$16:$T$22,$AB$16:$AB$22,$AJ$16:$AJ$22)=T18,T18<>0))) -> FALSE | V18: =SUMIF(DATA!$A:$A,REPLACE($C18,FIND("%Z%",$C18),3,LOWER($T$14)),IF($C$12=3,DATA!$AD:$AD,DATA!$AE:$AE)) -> 0.32364106 | W18: =IF($C$12<>3,IF($C$8=1,AND(MAX($F18,$N18,$V18,$AD18,$AL18)=V18,V18<>0),AND(MAX($F$16:$F$22,$N$16:$N$22,$V$16:$V$22,$AD$16:$AD$22,$AL$16:$AL$16)=V18,V18<>0)),IF($C$8=1,AND(MIN($F18,$N18,$V18,$AD18,$AL18)=V18,V18<>0),AND(MIN($F$16:$F$22,$N$16:$N$22,$V$16:$V$22,$AD$16:$AD$22,$AL$16:$AL$16)=V18,V18<>0))) -> FALSE | X18: =SUMIF(DATA!$A:$A,REPLACE($C18,FIND("%Z%",$C18),3,LOWER($T$14)),IF($C$12=3,DATA!$AE:$AE,DATA!$AF:$AF)) -> 0.32747546 | Y18: =IF($C$8=1,AND(MAX($H18,$P18,$X18,$AF18,$AN18)=X18,X18<>0),AND(MAX($H$16:$H$22,$P$16:$P$22,$X$16:$X$22,$AF$16:$AF$22,$AN$16:$AN$22)=X18,X18<>0)) -> FALSE | Z18: =SUMIF(DATA!$A:$A,REPLACE($C18,FIND("%Z%",$C18),3,LOWER($T$14)),IF($C$12=3,DATA!$R:$R,DATA!$AH:$AH)) -> 0.32472007 | AA18: =IF($C$12<>3,IF($C$8=1,AND(MAX($J18,$R18,$Z18,$AH18,$AP18)=Z18,Z18<>0),AND(MAX($J$16:$J$22,$R$16:$R$22,$Z$16:$Z$22,$AH$16:$AH$22,$AP$16:$AP$22)=Z18,Z18<>0)), IF($C$8=1,AND(MIN($J18,$R18,$Z18,$AH18,$AP18)=Z18,Z18<>0),AND(MIN($J$16:$J$22,$R$16:$R$22,$Z$16:$Z$22,$AH$16:$AH$22,$AP$16:$AP$22)=Z18,Z18<>0))) -> FALSE | AB18: =SUMIF(DATA!$A:$A,REPLACE($C18,FIND("%Z%",$C18),3,LOWER($AB$14)),IF($C$12=3,DATA!$AC:$AC,DATA!$AD:$AD)) -> 0.38855422 | AC18: =IF($C$12<>3,IF($C$8=1,AND(MAX($D18,$L18,$T18,$AB18,$AJ18)=AB18,AB18<>0),AND(MAX($D$16:$D$22,$L$16:$L$22,$T$16:$T$22,$AB$16:$AB$22,$AJ$16:$AJ$22)=AB18,AB18<>0)),IF($C$8=1,AND(MIN($D18,$L18,$T18,$AB18,$AJ18)=AB18,AB18<>0),AND(MIN($D$16:$D$22,$L$16:$L$22,$T$16:$T$22,$AB$16:$AB$22,$AJ$16:$AJ$22)=AB18,AB18<>0))) -> FALSE | AD18: =SUMIF(DATA!$A:$A,REPLACE($C18,FIND("%Z%",$C18),3,LOWER($AB$14)),IF($C$12=3,DATA!$AD:$AD,DATA!$AE:$AE)) -> 0.35436785 | AE18: =IF($C$12<>3,IF($C$8=1,AND(MAX($F18,$N18,$V18,$AD18,$AL18)=AD18,AD18<>0),AND(MAX($F$16:$F$22,$N$16:$N$22,$V$16:$V$22,$AD$16:$AD$22,$AL$16:$AL$16)=AD18,AD18<>0)),IF($C$8=1,AND(MIN($F18,$N18,$V18,$AD18,$AL18)=AD18,AD18<>0),AND(MIN($F$16:$F$22,$N$16:$N$22,$V$16:$V$22,$AD$16:$AD$22,$AL$16:$AL$16)=AD18,AD18<>0))) -> FALSE | AF18: =SUMIF(DATA!$A:$A,REPLACE($C18,FIND("%Z%",$C18),3,LOWER($AB$14)),IF($C$12=3,DATA!$AE:$AE,DATA!$AF:$AF)) -> 0.36472686 | AG18: =IF($C$8=1,AND(MAX($H18,$P18,$X18,$AF18,$AN18)=AF18,AF18<>0),AND(MAX($H$16:$H$22,$P$16:$P$22,$X$16:$X$22,$AF$16:$AF$22,$AN$16:$AN$22)=AF18,AF18<>0)) -> FALSE | AH18: =SUMIF(DATA!$A:$A,REPLACE($C18,FIND("%Z%",$C18),3,LOWER($AB$14)),IF($C$12=3,DATA!$R:$R,DATA!$AH:$AH)) -> 0.35359565 | AI18: =IF($C$12<>3,IF($C$8=1,AND(MAX($J18,$R18,$Z18,$AH18,$AP18)=AH18,AH18<>0),AND(MAX($J$16:$J$22,$R$16:$R$22,$Z$16:$Z$22,$AH$16:$AH$22,$AP$16:$AP$22)=AH18,AH18<>0)), IF($C$8=1,AND(MIN($J18,$R18,$Z18,$AH18,$AP18)=AH18,AH18<>0),AND(MIN($J$16:$J$22,$R$16:$R$22,$Z$16:$Z$22,$AH$16:$AH$22,$AP$16:$AP$22)=AH18,AH18<>0))) -> FALSE | AJ18: =SUMIF(DATA!$A:$A,REPLACE($C18,FIND("%Z%",$C18),3,LOWER($AJ$14)),IF($C$12=3,DATA!$AC:$AC,DATA!$AD:$AD)) -> 0.37951807 | AK18: =IF($C$12<>3,IF($C$8=1,AND(MAX($D18,$L18,$T18,$AB18,$AJ18)=AJ18,AJ18<>0),AND(MAX($D$16:$D$22,$L$16:$L$22,$T$16:$T$22,$AB$16:$AB$22,$AJ$16:$AJ$22)=AJ18,AJ18<>0)),IF($C$8=1,AND(MIN($D18,$L18,$T18,$AB18,$AJ18)=AJ18,AJ18<>0),AND(MIN($D$16:$D$22,$L$16:$L$22,$T$16:$T$22,$AB$16:$AB$22,$AJ$16:$AJ$22)=AJ18,AJ18<>0))) -> FALSE | AL18: =SUMIF(DATA!$A:$A,REPLACE($C18,FIND("%Z%",$C18),3,LOWER($AJ$14)),IF($C$12=3,DATA!$AD:$AD,DATA!$AE:$AE)) -> 0.34409517 | AM18: =IF($C$12<>3,IF($C$8=1,AND(MAX($F18,$N18,$V18,$AD18,$AL18)=AL18,AL18<>0),AND(MAX($F$16:$F$22,$N$16:$N$22,$V$16:$V$22,$AD$16:$AD$22,$AL$16:$AL$16)=AL18,AL18<>0)),IF($C$8=1,AND(MIN($F18,$N18,$V18,$AD18,$AL18)=AL18,AL18<>0),AND(MIN($F$16:$F$22,$N$16:$N$22,$V$16:$V$22,$AD$16:$AD$22,$AL$16:$AL$16)=AL18,AL18<>0))) -> FALSE | AN18: =SUMIF(DATA!$A:$A,REPLACE($C18,FIND("%Z%",$C18),3,LOWER($AJ$14)),IF($C$12=3,DATA!$AE:$AE,DATA!$AF:$AF)) -> 0.35410389 | AO18: =IF($C$8=1,AND(MAX($H18,$P18,$X18,$AF18,$AN18)=AN18,AN18<>0),AND(MAX($H$16:$H$22,$P$16:$P$22,$X$16:$X$22,$AF$16:$AF$22,$AN$16:$AN$22)=AN18,AN18<>0)) -> FALSE | AP18: =SUMIF(DATA!$A:$A,REPLACE($C18,FIND("%Z%",$C18),3,LOWER($AJ$14)),IF($C$12=3,DATA!$R:$R,DATA!$AH:$AH)) -> 0.3428087 | AQ18: =IF($C$12<>3,IF($C$8=1,AND(MAX($J18,$R18,$Z18,$AH18,$AP18)=AP18,AP18<>0),AND(MAX($J$16:$J$22,$R$16:$R$22,$Z$16:$Z$22,$AH$16:$AH$22,$AP$16:$AP$22)=AP18,AP18<>0)), IF($C$8=1,AND(MIN($J18,$R18,$Z18,$AH18,$AP18)=AP18,AP18<>0),AND(MIN($J$16:$J$22,$R$16:$R$22,$Z$16:$Z$22,$AH$16:$AH$22,$AP$16:$AP$22)=AP18,AP18<>0))) -> FALSE
B19: XGBoost | C19: =_xlfn.CONCAT("nested__physiological_features__",$D$6,"__",$D$12,"__",LOWER($B19),"__",$D$4,"__%Z%__emognition_features_",$D$2) -> nested__physiological_features__arousal__ternary__xgboost__aggregated__%Z%__emognition_features_w60_o30 | D19: =SUMIF(DATA!$A:$A,REPLACE($C19,FIND("%Z%",$C19),3,LOWER($D$14)),IF($C$12=3,DATA!$AC:$AC,DATA!$AD:$AD)) -> 0.35843373 | E19: =IF($C$12<>3,IF($C$8=1,AND(MAX($D19,$L19,$T19,$AB19,$AJ19)=D19,D19<>0),AND(MAX($D$16:$D$22,$L$16:$L$22,$T$16:$T$22,$AB$16:$AB$22,$AJ$16:$AJ$22)=D19,D19<>0)),IF($C$8=1,AND(MIN($D19,$L19,$T19,$AB19,$AJ19)=D19,D19<>0),AND(MIN($D$16:$D$22,$L$16:$L$22,$T$16:$T$22,$AB$16:$AB$22,$AJ$16:$AJ$22)=D19,D19<>0))) -> FALSE | F19: =SUMIF(DATA!$A:$A,REPLACE($C19,FIND("%Z%",$C19),3,LOWER($D$14)),IF($C$12=3,DATA!$AD:$AD,DATA!$AE:$AE)) -> 0.31901454 | G19: =IF($C$12<>3,IF($C$8=1,AND(MAX($F19,$N19,$V19,$AD19,$AL19)=F19,F19<>0),AND(MAX($F$16:$F$22,$N$16:$N$22,$V$16:$V$22,$AD$16:$AD$22,$AL$16:$AL$16)=F19,F19<>0)),IF($C$8=1,AND(MIN($F19,$N19,$V19,$AD19,$AL19)=F19,F19<>0),AND(MIN($F$16:$F$22,$N$16:$N$22,$V$16:$V$22,$AD$16:$AD$22,$AL$16:$AL$16)=F19,F19<>0))) -> FALSE | H19: =SUMIF(DATA!$A:$A,REPLACE($C19,FIND("%Z%",$C19),3,LOWER($D$14)),IF($C$12=3,DATA!$AE:$AE,DATA!$AF:$AF)) -> 0.32271505 | I19: =IF($C$8=1,AND(MAX($H19,$P19,$X19,$AF19,$AN19)=H19,H19<>0),AND(MAX($H$16:$H$22,$P$16:$P$22,$X$16:$X$22,$AF$16:$AF$22,$AN$16:$AN$22)=H19,H19<>0)) -> FALSE | J19: =SUMIF(DATA!$A:$A,REPLACE($C19,FIND("%Z%",$C19),3,LOWER($D$14)),IF($C$12=3,DATA!$R:$R,DATA!$AH:$AH)) -> 0.31651184 | K19: =IF($C$12<>3,IF($C$8=1,AND(MAX($J19,$R19,$Z19,$AH19,$AP19)=J19,J19<>0),AND(MAX($J$16:$J$22,$R$16:$R$22,$Z$16:$Z$22,$AH$16:$AH$22,$AP$16:$AP$22)=J19,J19<>0)), IF($C$8=1,AND(MIN($J19,$R19,$Z19,$AH19,$AP19)=J19,J19<>0),AND(MIN($J$16:$J$22,$R$16:$R$22,$Z$16:$Z$22,$AH$16:$AH$22,$AP$16:$AP$22)=J19,J19<>0))) -> FALSE | L19: =SUMIF(DATA!$A:$A,REPLACE($C19,FIND("%Z%",$C19),3,LOWER($L$14)),IF($C$12=3,DATA!$AC:$AC,DATA!$AD:$AD)) -> 0.40361446 | M19: =IF($C$12<>3,IF($C$8=1,AND(MAX($D19,$L19,$T19,$AB19,$AJ19)=L19,L19<>0),AND(MAX($D$16:$D$22,$L$16:$L$22,$T$16:$T$22,$AB$16:$AB$22,$AJ$16:$AJ$22)=L19,L19<>0)),IF($C$8=1,AND(MIN($D19,$L19,$T19,$AB19,$AJ19)=L19,L19<>0),AND(MIN($D$16:$D$22,$L$16:$L$22,$T$16:$T$22,$AB$16:$AB$22,$AJ$16:$AJ$22)=L19,L19<>0))) -> FALSE | N19: =SUMIF(DATA!$A:$A,REPLACE($C19,FIND("%Z%",$C19),3,LOWER($L$14)),IF($C$12=3,DATA!$AD:$AD,DATA!$AE:$AE)) -> 0.37634803 | O19: =IF($C$12<>3,IF($C$8=1,AND(MAX($F19,$N19,$V19,$AD19,$AL19)=N19,N19<>0),AND(MAX($F$16:$F$22,$N$16:$N$22,$V$16:$V$22,$AD$16:$AD$22,$AL$16:$AL$16)=N19,N19<>0)),IF($C$8=1,AND(MIN($F19,$N19,$V19,$AD19,$AL19)=N19,N19<>0),AND(MIN($F$16:$F$22,$N$16:$N$22,$V$16:$V$22,$AD$16:$AD$22,$AL$16:$AL$16)=N19,N19<>0))) -> FALSE | P19: =SUMIF(DATA!$A:$A,REPLACE($C19,FIND("%Z%",$C19),3,LOWER($L$14)),IF($C$12=3,DATA!$AE:$AE,DATA!$AF:$AF)) -> 0.3818795 | Q19: =IF($C$8=1,AND(MAX($H19,$P19,$X19,$AF19,$AN19)=P19,P19<>0),AND(MAX($H$16:$H$22,$P$16:$P$22,$X$16:$X$22,$AF$16:$AF$22,$AN$16:$AN$22)=P19,P19<>0)) -> FALSE | R19: =SUMIF(DATA!$A:$A,REPLACE($C19,FIND("%Z%",$C19),3,LOWER($L$14)),IF($C$12=3,DATA!$R:$R,DATA!$AH:$AH)) -> 0.37716175 | S19: =IF($C$12<>3,IF($C$8=1,AND(MAX($J19,$R19,$Z19,$AH19,$AP19)=R19,R19<>0),AND(MAX($J$16:$J$22,$R$16:$R$22,$Z$16:$Z$22,$AH$16:$AH$22,$AP$16:$AP$22)=R19,R19<>0)), IF($C$8=1,AND(MIN($J19,$R19,$Z19,$AH19,$AP19)=R19,R19<>0),AND(MIN($J$16:$J$22,$R$16:$R$22,$Z$16:$Z$22,$AH$16:$AH$22,$AP$16:$AP$22)=R19,R19<>0))) -> FALSE | T19: =SUMIF(DATA!$A:$A,REPLACE($C19,FIND("%Z%",$C19),3,LOWER($T$14)),IF($C$12=3,DATA!$AC:$AC,DATA!$AD:$AD)) -> 0.38554217 | U19: =IF($C$12<>3,IF($C$8=1,AND(MAX($D19,$L19,$T19,$AB19,$AJ19)=T19,T19<>0),AND(MAX($D$16:$D$22,$L$16:$L$22,$T$16:$T$22,$AB$16:$AB$22,$AJ$16:$AJ$22)=T19,T19<>0)),IF($C$8=1,AND(MIN($D19,$L19,$T19,$AB19,$AJ19)=T19,T19<>0),AND(MIN($D$16:$D$22,$L$16:$L$22,$T$16:$T$22,$AB$16:$AB$22,$AJ$16:$AJ$22)=T19,T19<>0))) -> FALSE | V19: =SUMIF(DATA!$A:$A,REPLACE($C19,FIND("%Z%",$C19),3,LOWER($T$14)),IF($C$12=3,DATA!$AD:$AD,DATA!$AE:$AE)) -> 0.3497937 | W19: =IF($C$12<>3,IF($C$8=1,AND(MAX($F19,$N19,$V19,$AD19,$AL19)=V19,V19<>0),AND(MAX($F$16:$F$22,$N$16:$N$22,$V$16:$V$22,$AD$16:$AD$22,$AL$16:$AL$16)=V19,V19<>0)),IF($C$8=1,AND(MIN($F19,$N19,$V19,$AD19,$AL19)=V19,V19<>0),AND(MIN($F$16:$F$22,$N$16:$N$22,$V$16:$V$22,$AD$16:$AD$22,$AL$16:$AL$16)=V19,V19<>0))) -> FALSE | X19: =SUMIF(DATA!$A:$A,REPLACE($C19,FIND("%Z%",$C19),3,LOWER($T$14)),IF($C$12=3,DATA!$AE:$AE,DATA!$AF:$AF)) -> 0.34701769 | Y19: =IF($C$8=1,AND(MAX($H19,$P19,$X19,$AF19,$AN19)=X19,X19<>0),AND(MAX($H$16:$H$22,$P$16:$P$22,$X$16:$X$22,$AF$16:$AF$22,$AN$16:$AN$22)=X19,X19<>0)) -> FALSE | Z19: =SUMIF(DATA!$A:$A,REPLACE($C19,FIND("%Z%",$C19),3,LOWER($T$14)),IF($C$12=3,DATA!$R:$R,DATA!$AH:$AH)) -> 0.3471343 | AA19: =IF($C$12<>3,IF($C$8=1,AND(MAX($J19,$R19,$Z19,$AH19,$AP19)=Z19,Z19<>0),AND(MAX($J$16:$J$22,$R$16:$R$22,$Z$16:$Z$22,$AH$16:$AH$22,$AP$16:$AP$22)=Z19,Z19<>0)), IF($C$8=1,AND(MIN($J19,$R19,$Z19,$AH19,$AP19)=Z19,Z19<>0),AND(MIN($J$16:$J$22,$R$16:$R$22,$Z$16:$Z$22,$AH$16:$AH$22,$AP$16:$AP$22)=Z19,Z19<>0))) -> FALSE | AB19: =SUMIF(DATA!$A:$A,REPLACE($C19,FIND("%Z%",$C19),3,LOWER($AB$14)),IF($C$12=3,DATA!$AC:$AC,DATA!$AD:$AD)) -> 0.34939759 | AC19: =IF($C$12<>3,IF($C$8=1,AND(MAX($D19,$L19,$T19,$AB19,$AJ19)=AB19,AB19<>0),AND(MAX($D$16:$D$22,$L$16:$L$22,$T$16:$T$22,$AB$16:$AB$22,$AJ$16:$AJ$22)=AB19,AB19<>0)),IF($C$8=1,AND(MIN($D19,$L19,$T19,$AB19,$AJ19)=AB19,AB19<>0),AND(MIN($D$16:$D$22,$L$16:$L$22,$T$16:$T$22,$AB$16:$AB$22,$AJ$16:$AJ$22)=AB19,AB19<>0))) -> FALSE | AD19: =SUMIF(DATA!$A:$A,REPLACE($C19,FIND("%Z%",$C19),3,LOWER($AB$14)),IF($C$12=3,DATA!$AD:$AD,DATA!$AE:$AE)) -> 0.30547484 | AE19: =IF($C$12<>3,IF($C$8=1,AND(MAX($F19,$N19,$V19,$AD19,$AL19)=AD19,AD19<>0),AND(MAX($F$16:$F$22,$N$16:$N$22,$V$16:$V$22,$AD$16:$AD$22,$AL$16:$AL$16)=AD19,AD19<>0)),IF($C$8=1,AND(MIN($F19,$N19,$V19,$AD19,$AL19)=AD19,AD19<>0),AND(MIN($F$16:$F$22,$N$16:$N$22,$V$16:$V$22,$AD$16:$AD$22,$AL$16:$AL$16)=AD19,AD19<>0))) -> FALSE | AF19: =SUMIF(DATA!$A:$A,REPLACE($C19,FIND("%Z%",$C19),3,LOWER($AB$14)),IF($C$12=3,DATA!$AE:$AE,DATA!$AF:$AF)) -> 0.30159749 | AG19: =IF($C$8=1,AND(MAX($H19,$P19,$X19,$AF19,$AN19)=AF19,AF19<>0),AND(MAX($H$16:$H$22,$P$16:$P$22,$X$16:$X$22,$AF$16:$AF$22,$AN$16:$AN$22)=AF19,AF19<>0)) -> FALSE | AH19: =SUMIF(DATA!$A:$A,REPLACE($C19,FIND("%Z%",$C19),3,LOWER($AB$14)),IF($C$12=3,DATA!$R:$R,DATA!$AH:$AH)) -> 0.29876594 | AI19: =IF($C$12<>3,IF($C$8=1,AND(MAX($J19,$R19,$Z19,$AH19,$AP19)=AH19,AH19<>0),AND(MAX($J$16:$J$22,$R$16:$R$22,$Z$16:$Z$22,$AH$16:$AH$22,$AP$16:$AP$22)=AH19,AH19<>0)), IF($C$8=1,AND(MIN($J19,$R19,$Z19,$AH19,$AP19)=AH19,AH19<>0),AND(MIN($J$16:$J$22,$R$16:$R$22,$Z$16:$Z$22,$AH$16:$AH$22,$AP$16:$AP$22)=AH19,AH19<>0))) -> FALSE | AJ19: =SUMIF(DATA!$A:$A,REPLACE($C19,FIND("%Z%",$C19),3,LOWER($AJ$14)),IF($C$12=3,DATA!$AC:$AC,DATA!$AD:$AD)) -> 0.35240964 | AK19: =IF($C$12<>3,IF($C$8=1,AND(MAX($D19,$L19,$T19,$AB19,$AJ19)=AJ19,AJ19<>0),AND(MAX($D$16:$D$22,$L$16:$L$22,$T$16:$T$22,$AB$16:$AB$22,$AJ$16:$AJ$22)=AJ19,AJ19<>0)),IF($C$8=1,AND(MIN($D19,$L19,$T19,$AB19,$AJ19)=AJ19,AJ19<>0),AND(MIN($D$16:$D$22,$L$16:$L$22,$T$16:$T$22,$AB$16:$AB$22,$AJ$16:$AJ$22)=AJ19,AJ19<>0))) -> FALSE | AL19: =SUMIF(DATA!$A:$A,REPLACE($C19,FIND("%Z%",$C19),3,LOWER($AJ$14)),IF($C$12=3,DATA!$AD:$AD,DATA!$AE:$AE)) -> 0.31057406 | AM19: =IF($C$12<>3,IF($C$8=1,AND(MAX($F19,$N19,$V19,$AD19,$AL19)=AL19,AL19<>0),AND(MAX($F$16:$F$22,$N$16:$N$22,$V$16:$V$22,$AD$16:$AD$22,$AL$16:$AL$16)=AL19,AL19<>0)),IF($C$8=1,AND(MIN($F19,$N19,$V19,$AD19,$AL19)=AL19,AL19<>0),AND(MIN($F$16:$F$22,$N$16:$N$22,$V$16:$V$22,$AD$16:$AD$22,$AL$16:$AL$16)=AL19,AL19<>0))) -> FALSE | AN19: =SUMIF(DATA!$A:$A,REPLACE($C19,FIND("%Z%",$C19),3,LOWER($AJ$14)),IF($C$12=3,DATA!$AE:$AE,DATA!$AF:$AF)) -> 0.30698125 | AO19: =IF($C$8=1,AND(MAX($H19,$P19,$X19,$AF19,$AN19)=AN19,AN19<>0),AND(MAX($H$16:$H$22,$P$16:$P$22,$X$16:$X$22,$AF$16:$AF$22,$AN$16:$AN$22)=AN19,AN19<>0)) -> FALSE | AP19: =SUMIF(DATA!$A:$A,REPLACE($C19,FIND("%Z%",$C19),3,LOWER($AJ$14)),IF($C$12=3,DATA!$R:$R,DATA!$AH:$AH)) -> 0.30556895 | AQ19: =IF($C$12<>3,IF($C$8=1,AND(MAX($J19,$R19,$Z19,$AH19,$AP19)=AP19,AP19<>0),AND(MAX($J$16:$J$22,$R$16:$R$22,$Z$16:$Z$22,$AH$16:$AH$22,$AP$16:$AP$22)=AP19,AP19<>0)), IF($C$8=1,AND(MIN($J19,$R19,$Z19,$AH19,$AP19)=AP19,AP19<>0),AND(MIN($J$16:$J$22,$R$16:$R$22,$Z$16:$Z$22,$AH$16:$AH$22,$AP$16:$AP$22)=AP19,AP19<>0))) -> FALSE
B20: MLP | C20: =_xlfn.CONCAT("nested__physiological_features__",$D$6,"__",$D$12,"__",LOWER($B20),"__",$D$4,"__%Z%__emognition_features_",$D$2) -> nested__physiological_features__arousal__ternary__mlp__aggregated__%Z%__emognition_features_w60_o30 | D20: =SUMIF(DATA!$A:$A,REPLACE($C20,FIND("%Z%",$C20),3,LOWER($D$14)),IF($C$12=3,DATA!$AC:$AC,DATA!$AD:$AD)) -> 0.36144578 | E20: =IF($C$12<>3,IF($C$8=1,AND(MAX($D20,$L20,$T20,$AB20,$AJ20)=D20,D20<>0),AND(MAX($D$16:$D$22,$L$16:$L$22,$T$16:$T$22,$AB$16:$AB$22,$AJ$16:$AJ$22)=D20,D20<>0)),IF($C$8=1,AND(MIN($D20,$L20,$T20,$AB20,$AJ20)=D20,D20<>0),AND(MIN($D$16:$D$22,$L$16:$L$22,$T$16:$T$22,$AB$16:$AB$22,$AJ$16:$AJ$22)=D20,D20<>0))) -> FALSE | F20: =SUMIF(DATA!$A:$A,REPLACE($C20,FIND("%Z%",$C20),3,LOWER($D$14)),IF($C$12=3,DATA!$AD:$AD,DATA!$AE:$AE)) -> 0.34492151 | G20: =IF($C$12<>3,IF($C$8=1,AND(MAX($F20,$N20,$V20,$AD20,$AL20)=F20,F20<>0),AND(MAX($F$16:$F$22,$N$16:$N$22,$V$16:$V$22,$AD$16:$AD$22,$AL$16:$AL$16)=F20,F20<>0)),IF($C$8=1,AND(MIN($F20,$N20,$V20,$AD20,$AL20)=F20,F20<>0),AND(MIN($F$16:$F$22,$N$16:$N$22,$V$16:$V$22,$AD$16:$AD$22,$AL$16:$AL$16)=F20,F20<>0))) -> FALSE | H20: =SUMIF(DATA!$A:$A,REPLACE($C20,FIND("%Z%",$C20),3,LOWER($D$14)),IF($C$12=3,DATA!$AE:$AE,DATA!$AF:$AF)) -> 0.34495139 | I20: =IF($C$8=1,AND(MAX($H20,$P20,$X20,$AF20,$AN20)=H20,H20<>0),AND(MAX($H$16:$H$22,$P$16:$P$22,$X$16:$X$22,$AF$16:$AF$22,$AN$16:$AN$22)=H20,H20<>0)) -> FALSE | J20: =SUMIF(DATA!$A:$A,REPLACE($C20,FIND("%Z%",$C20),3,LOWER($D$14)),IF($C$12=3,DATA!$R:$R,DATA!$AH:$AH)) -> 0.34404482 | K20: =IF($C$12<>3,IF($C$8=1,AND(MAX($J20,$R20,$Z20,$AH20,$AP20)=J20,J20<>0),AND(MAX($J$16:$J$22,$R$16:$R$22,$Z$16:$Z$22,$AH$16:$AH$22,$AP$16:$AP$22)=J20,J20<>0)), IF($C$8=1,AND(MIN($J20,$R20,$Z20,$AH20,$AP20)=J20,J20<>0),AND(MIN($J$16:$J$22,$R$16:$R$22,$Z$16:$Z$22,$AH$16:$AH$22,$AP$16:$AP$22)=J20,J20<>0))) -> FALSE | L20: =SUMIF(DATA!$A:$A,REPLACE($C20,FIND("%Z%",$C20),3,LOWER($L$14)),IF($C$12=3,DATA!$AC:$AC,DATA!$AD:$AD)) -> 0.41566265 | M20: =IF($C$12<>3,IF($C$8=1,AND(MAX($D20,$L20,$T20,$AB20,$AJ20)=L20,L20<>0),AND(MAX($D$16:$D$22,$L$16:$L$22,$T$16:$T$22,$AB$16:$AB$22,$AJ$16:$AJ$22)=L20,L20<>0)),IF($C$8=1,AND(MIN($D20,$L20,$T20,$AB20,$AJ20)=L20,L20<>0),AND(MIN($D$16:$D$22,$L$16:$L$22,$T$16:$T$22,$AB$16:$AB$22,$AJ$16:$AJ$22)=L20,L20<>0))) -> TRUE | N20: =SUMIF(DATA!$A:$A,REPLACE($C20,FIND("%Z%",$C20),3,LOWER($L$14)),IF($C$12=3,DATA!$AD:$AD,DATA!$AE:$AE)) -> 0.40321281 | O20: =IF($C$12<>3,IF($C$8=1,AND(MAX($F20,$N20,$V20,$AD20,$AL20)=N20,N20<>0),AND(MAX($F$16:$F$22,$N$16:$N$22,$V$16:$V$22,$AD$16:$AD$22,$AL$16:$AL$16)=N20,N20<>0)),IF($C$8=1,AND(MIN($F20,$N20,$V20,$AD20,$AL20)=N20,N20<>0),AND(MIN($F$16:$F$22,$N$16:$N$22,$V$16:$V$22,$AD$16:$AD$22,$AL$16:$AL$16)=N20,N20<>0))) -> TRUE | P20: =SUMIF(DATA!$A:$A,REPLACE($C20,FIND("%Z%",$C20),3,LOWER($L$14)),IF($C$12=3,DATA!$AE:$AE,DATA!$AF:$AF)) -> 0.402647 | Q20: =IF($C$8=1,AND(MAX($H20,$P20,$X20,$AF20,$AN20)=P20,P20<>0),AND(MAX($H$16:$H$22,$P$16:$P$22,$X$16:$X$22,$AF$16:$AF$22,$AN$16:$AN$22)=P20,P20<>0)) -> TRUE | R20: =SUMIF(DATA!$A:$A,REPLACE($C20,FIND("%Z%",$C20),3,LOWER($L$14)),IF($C$12=3,DATA!$R:$R,DATA!$AH:$AH)) -> 0.40290754 | S20: =IF($C$12<>3,IF($C$8=1,AND(MAX($J20,$R20,$Z20,$AH20,$AP20)=R20,R20<>0),AND(MAX($J$16:$J$22,$R$16:$R$22,$Z$16:$Z$22,$AH$16:$AH$22,$AP$16:$AP$22)=R20,R20<>0)), IF($C$8=1,AND(MIN($J20,$R20,$Z20,$AH20,$AP20)=R20,R20<>0),AND(MIN($J$16:$J$22,$R$16:$R$22,$Z$16:$Z$22,$AH$16:$AH$22,$AP$16:$AP$22)=R20,R20<>0))) -> TRUE | T20: =SUMIF(DATA!$A:$A,REPLACE($C20,FIND("%Z%",$C20),3,LOWER($T$14)),IF($C$12=3,DATA!$AC:$AC,DATA!$AD:$AD)) -> 0.3253012 | U20: =IF($C$12<>3,IF($C$8=1,AND(MAX($D20,$L20,$T20,$AB20,$AJ20)=T20,T20<>0),AND(MAX($D$16:$D$22,$L$16:$L$22,$T$16:$T$22,$AB$16:$AB$22,$AJ$16:$AJ$22)=T20,T20<>0)),IF($C$8=1,AND(MIN($D20,$L20,$T20,$AB20,$AJ20)=T20,T20<>0),AND(MIN($D$16:$D$22,$L$16:$L$22,$T$16:$T$22,$AB$16:$AB$22,$AJ$16:$AJ$22)=T20,T20<>0))) -> FALSE | V20: =SUMIF(DATA!$A:$A,REPLACE($C20,FIND("%Z%",$C20),3,LOWER($T$14)),IF($C$12=3,DATA!$AD:$AD,DATA!$AE:$AE)) -> 0.3159265 | W20: =IF($C$12<>3,IF($C$8=1,AND(MAX($F20,$N20,$V20,$AD20,$AL20)=V20,V20<>0),AND(MAX($F$16:$F$22,$N$16:$N$22,$V$16:$V$22,$AD$16:$AD$22,$AL$16:$AL$16)=V20,V20<>0)),IF($C$8=1,AND(MIN($F20,$N20,$V20,$AD20,$AL20)=V20,V20<>0),AND(MIN($F$16:$F$22,$N$16:$N$22,$V$16:$V$22,$AD$16:$AD$22,$AL$16:$AL$16)=V20,V20<>0))) -> FALSE | X20: =SUMIF(DATA!$A:$A,REPLACE($C20,FIND("%Z%",$C20),3,LOWER($T$14)),IF($C$12=3,DATA!$AE:$AE,DATA!$AF:$AF)) -> 0.31418273 | Y20: =IF($C$8=1,AND(MAX($H20,$P20,$X20,$AF20,$AN20)=X20,X20<>0),AND(MAX($H$16:$H$22,$P$16:$P$22,$X$16:$X$22,$AF$16:$AF$22,$AN$16:$AN$22)=X20,X20<>0)) -> FALSE | Z20: =SUMIF(DATA!$A:$A,REPLACE($C20,FIND("%Z%",$C20),3,LOWER($T$14)),IF($C$12=3,DATA!$R:$R,DATA!$AH:$AH)) -> 0.31418535 | AA20: =IF($C$12<>3,IF($C$8=1,AND(MAX($J20,$R20,$Z20,$AH20,$AP20)=Z20,Z20<>0),AND(MAX($J$16:$J$22,$R$16:$R$22,$Z$16:$Z$22,$AH$16:$AH$22,$AP$16:$AP$22)=Z20,Z20<>0)), IF($C$8=1,AND(MIN($J20,$R20,$Z20,$AH20,$AP20)=Z20,Z20<>0),AND(MIN($J$16:$J$22,$R$16:$R$22,$Z$16:$Z$22,$AH$16:$AH$22,$AP$16:$AP$22)=Z20,Z20<>0))) -> FALSE | AB20: =SUMIF(DATA!$A:$A,REPLACE($C20,FIND("%Z%",$C20),3,LOWER($AB$14)),IF($C$12=3,DATA!$AC:$AC,DATA!$AD:$AD)) -> 0.3253012 | AC20: =IF($C$12<>3,IF($C$8=1,AND(MAX($D20,$L20,$T20,$AB20,$AJ20)=AB20,AB20<>0),AND(MAX($D$16:$D$22,$L$16:$L$22,$T$16:$T$22,$AB$16:$AB$22,$AJ$16:$AJ$22)=AB20,AB20<>0)),IF($C$8=1,AND(MIN($D20,$L20,$T20,$AB20,$AJ20)=AB20,AB20<>0),AND(MIN($D$16:$D$22,$L$16:$L$22,$T$16:$T$22,$AB$16:$AB$22,$AJ$16:$AJ$22)=AB20,AB20<>0))) -> FALSE | AD20: =SUMIF(DATA!$A:$A,REPLACE($C20,FIND("%Z%",$C20),3,LOWER($AB$14)),IF($C$12=3,DATA!$AD:$AD,DATA!$AE:$AE)) -> 0.2957877 | AE20: =IF($C$12<>3,IF($C$8=1,AND(MAX($F20,$N20,$V20,$AD20,$AL20)=AD20,AD20<>0),AND(MAX($F$16:$F$22,$N$16:$N$22,$V$16:$V$22,$AD$16:$AD$22,$AL$16:$AL$16)=AD20,AD20<>0)),IF($C$8=1,AND(MIN($F20,$N20,$V20,$AD20,$AL20)=AD20,AD20<>0),AND(MIN($F$16:$F$22,$N$16:$N$22,$V$16:$V$22,$AD$16:$AD$22,$AL$16:$AL$16)=AD20,AD20<>0))) -> FALSE | AF20: =SUMIF(DATA!$A:$A,REPLACE($C20,FIND("%Z%",$C20),3,LOWER($AB$14)),IF($C$12=3,DATA!$AE:$AE,DATA!$AF:$AF)) -> 0.29493147 | AG20: =IF($C$8=1,AND(MAX($H20,$P20,$X20,$AF20,$AN20)=AF20,AF20<>0),AND(MAX($H$16:$H$22,$P$16:$P$22,$X$16:$X$22,$AF$16:$AF$22,$AN$16:$AN$22)=AF20,AF20<>0)) -> FALSE | AH20: =SUMIF(DATA!$A:$A,REPLACE($C20,FIND("%Z%",$C20),3,LOWER($AB$14)),IF($C$12=3,DATA!$R:$R,DATA!$AH:$AH)) -> 0.29513974 | AI20: =IF($C$12<>3,IF($C$8=1,AND(MAX($J20,$R20,$Z20,$AH20,$AP20)=AH20,AH20<>0),AND(MAX($J$16:$J$22,$R$16:$R$22,$Z$16:$Z$22,$AH$16:$AH$22,$AP$16:$AP$22)=AH20,AH20<>0)), IF($C$8=1,AND(MIN($J20,$R20,$Z20,$AH20,$AP20)=AH20,AH20<>0),AND(MIN($J$16:$J$22,$R$16:$R$22,$Z$16:$Z$22,$AH$16:$AH$22,$AP$16:$AP$22)=AH20,AH20<>0))) -> FALSE | AJ20: =SUMIF(DATA!$A:$A,REPLACE($C20,FIND("%Z%",$C20),3,LOWER($AJ$14)),IF($C$12=3,DATA!$AC:$AC,DATA!$AD:$AD)) -> 0.29518072 | AK20: =IF($C$12<>3,IF($C$8=1,AND(MAX($D20,$L20,$T20,$AB20,$AJ20)=AJ20,AJ20<>0),AND(MAX($D$16:$D$22,$L$16:$L$22,$T$16:$T$22,$AB$16:$AB$22,$AJ$16:$AJ$22)=AJ20,AJ20<>0)),IF($C$8=1,AND(MIN($D20,$L20,$T20,$AB20,$AJ20)=AJ20,AJ20<>0),AND(MIN($D$16:$D$22,$L$16:$L$22,$T$16:$T$22,$AB$16:$AB$22,$AJ$16:$AJ$22)=AJ20,AJ20<>0))) -> FALSE | AL20: =SUMIF(DATA!$A:$A,REPLACE($C20,FIND("%Z%",$C20),3,LOWER($AJ$14)),IF($C$12=3,DATA!$AD:$AD,DATA!$AE:$AE)) -> 0.28728999 | AM20: =IF($C$12<>3,IF($C$8=1,AND(MAX($F20,$N20,$V20,$AD20,$AL20)=AL20,AL20<>0),AND(MAX($F$16:$F$22,$N$16:$N$22,$V$16:$V$22,$AD$16:$AD$22,$AL$16:$AL$16)=AL20,AL20<>0)),IF($C$8=1,AND(MIN($F20,$N20,$V20,$AD20,$AL20)=AL20,AL20<>0),AND(MIN($F$16:$F$22,$N$16:$N$22,$V$16:$V$22,$AD$16:$AD$22,$AL$16:$AL$16)=AL20,AL20<>0))) -> FALSE | AN20: =SUMIF(DATA!$A:$A,REPLACE($C20,FIND("%Z%",$C20),3,LOWER($AJ$14)),IF($C$12=3,DATA!$AE:$AE,DATA!$AF:$AF)) -> 0.28951064 | AO20: =IF($C$8=1,AND(MAX($H20,$P20,$X20,$AF20,$AN20)=AN20,AN20<>0),AND(MAX($H$16:$H$22,$P$16:$P$22,$X$16:$X$22,$AF$16:$AF$22,$AN$16:$AN$22)=AN20,AN20<>0)) -> FALSE | AP20: =SUMIF(DATA!$A:$A,REPLACE($C20,FIND("%Z%",$C20),3,LOWER($AJ$14)),IF($C$12=3,DATA!$R:$R,DATA!$AH:$AH)) -> 0.28557334 | AQ20: =IF($C$12<>3,IF($C$8=1,AND(MAX($J20,$R20,$Z20,$AH20,$AP20)=AP20,AP20<>0),AND(MAX($J$16:$J$22,$R$16:$R$22,$Z$16:$Z$22,$AH$16:$AH$22,$AP$16:$AP$22)=AP20,AP20<>0)), IF($C$8=1,AND(MIN($J20,$R20,$Z20,$AH20,$AP20)=AP20,AP20<>0),AND(MIN($J$16:$J$22,$R$16:$R$22,$Z$16:$Z$22,$AH$16:$AH$22,$AP$16:$AP$22)=AP20,AP20<>0))) -> FALSE
B21: GCN | C21: =_xlfn.CONCAT("nested__physiological_features__",$D$6,"__",$D$12,"__",LOWER($B21),"__",$D$4,"__%Z%__emognition_features_",$D$2) -> nested__physiological_features__arousal__ternary__gcn__aggregated__%Z%__emognition_features_w60_o30 | D21: =SUMIF(DATA!$A:$A,REPLACE($C21,FIND("%Z%",$C21),3,LOWER($D$14)),IF($C$12=3,DATA!$AC:$AC,DATA!$AD:$AD)) -> 0.30421687 | E21: =IF($C$12<>3,IF($C$8=1,AND(MAX($D21,$L21,$T21,$AB21,$AJ21)=D21,D21<>0),AND(MAX($D$16:$D$22,$L$16:$L$22,$T$16:$T$22,$AB$16:$AB$22,$AJ$16:$AJ$22)=D21,D21<>0)),IF($C$8=1,AND(MIN($D21,$L21,$T21,$AB21,$AJ21)=D21,D21<>0),AND(MIN($D$16:$D$22,$L$16:$L$22,$T$16:$T$22,$AB$16:$AB$22,$AJ$16:$AJ$22)=D21,D21<>0))) -> FALSE | F21: =SUMIF(DATA!$A:$A,REPLACE($C21,FIND("%Z%",$C21),3,LOWER($D$14)),IF($C$12=3,DATA!$AD:$AD,DATA!$AE:$AE)) -> 0.28582088 | G21: =IF($C$12<>3,IF($C$8=1,AND(MAX($F21,$N21,$V21,$AD21,$AL21)=F21,F21<>0),AND(MAX($F$16:$F$22,$N$16:$N$22,$V$16:$V$22,$AD$16:$AD$22,$AL$16:$AL$16)=F21,F21<>0)),IF($C$8=1,AND(MIN($F21,$N21,$V21,$AD21,$AL21)=F21,F21<>0),AND(MIN($F$16:$F$22,$N$16:$N$22,$V$16:$V$22,$AD$16:$AD$22,$AL$16:$AL$16)=F21,F21<>0))) -> FALSE | H21: =SUMIF(DATA!$A:$A,REPLACE($C21,FIND("%Z%",$C21),3,LOWER($D$14)),IF($C$12=3,DATA!$AE:$AE,DATA!$AF:$AF)) -> 0.28950782 | I21: =IF($C$8=1,AND(MAX($H21,$P21,$X21,$AF21,$AN21)=H21,H21<>0),AND(MAX($H$16:$H$22,$P$16:$P$22,$X$16:$X$22,$AF$16:$AF$22,$AN$16:$AN$22)=H21,H21<>0)) -> FALSE | J21: =SUMIF(DATA!$A:$A,REPLACE($C21,FIND("%Z%",$C21),3,LOWER($D$14)),IF($C$12=3,DATA!$R:$R,DATA!$AH:$AH)) -> 0.28666172 | K21: =IF($C$12<>3,IF($C$8=1,AND(MAX($J21,$R21,$Z21,$AH21,$AP21)=J21,J21<>0),AND(MAX($J$16:$J$22,$R$16:$R$22,$Z$16:$Z$22,$AH$16:$AH$22,$AP$16:$AP$22)=J21,J21<>0)), IF($C$8=1,AND(MIN($J21,$R21,$Z21,$AH21,$AP21)=J21,J21<>0),AND(MIN($J$16:$J$22,$R$16:$R$22,$Z$16:$Z$22,$AH$16:$AH$22,$AP$16:$AP$22)=J21,J21<>0))) -> FALSE | L21: =SUMIF(DATA!$A:$A,REPLACE($C21,FIND("%Z%",$C21),3,LOWER($L$14)),IF($C$12=3,DATA!$AC:$AC,DATA!$AD:$AD)) -> 0.33433735 | M21: =IF($C$12<>3,IF($C$8=1,AND(MAX($D21,$L21,$T21,$AB21,$AJ21)=L21,L21<>0),AND(MAX($D$16:$D$22,$L$16:$L$22,$T$16:$T$22,$AB$16:$AB$22,$AJ$16:$AJ$22)=L21,L21<>0)),IF($C$8=1,AND(MIN($D21,$L21,$T21,$AB21,$AJ21)=L21,L21<>0),AND(MIN($D$16:$D$22,$L$16:$L$22,$T$16:$T$22,$AB$16:$AB$22,$AJ$16:$AJ$22)=L21,L21<>0))) -> FALSE | N21: =SUMIF(DATA!$A:$A,REPLACE($C21,FIND("%Z%",$C21),3,LOWER($L$14)),IF($C$12=3,DATA!$AD:$AD,DATA!$AE:$AE)) -> 0.33298212 | O21: =IF($C$12<>3,IF($C$8=1,AND(MAX($F21,$N21,$V21,$AD21,$AL21)=N21,N21<>0),AND(MAX($F$16:$F$22,$N$16:$N$22,$V$16:$V$22,$AD$16:$AD$22,$AL$16:$AL$16)=N21,N21<>0)),IF($C$8=1,AND(MIN($F21,$N21,$V21,$AD21,$AL21)=N21,N21<>0),AND(MIN($F$16:$F$22,$N$16:$N$22,$V$16:$V$22,$AD$16:$AD$22,$AL$16:$AL$16)=N21,N21<>0))) -> FALSE | P21: =SUMIF(DATA!$A:$A,REPLACE($C21,FIND("%Z%",$C21),3,LOWER($L$14)),IF($C$12=3,DATA!$AE:$AE,DATA!$AF:$AF)) -> 0.3332159 | Q21: =IF($C$8=1,AND(MAX($H21,$P21,$X21,$AF21,$AN21)=P21,P21<>0),AND(MAX($H$16:$H$22,$P$16:$P$22,$X$16:$X$22,$AF$16:$AF$22,$AN$16:$AN$22)=P21,P21<>0)) -> FALSE | R21: =SUMIF(DATA!$A:$A,REPLACE($C21,FIND("%Z%",$C21),3,LOWER($L$14)),IF($C$12=3,DATA!$R:$R,DATA!$AH:$AH)) -> 0.32844988 | S21: =IF($C$12<>3,IF($C$8=1,AND(MAX($J21,$R21,$Z21,$AH21,$AP21)=R21,R21<>0),AND(MAX($J$16:$J$22,$R$16:$R$22,$Z$16:$Z$22,$AH$16:$AH$22,$AP$16:$AP$22)=R21,R21<>0)), IF($C$8=1,AND(MIN($J21,$R21,$Z21,$AH21,$AP21)=R21,R21<>0),AND(MIN($J$16:$J$22,$R$16:$R$22,$Z$16:$Z$22,$AH$16:$AH$22,$AP$16:$AP$22)=R21,R21<>0))) -> FALSE | T21: =SUMIF(DATA!$A:$A,REPLACE($C21,FIND("%Z%",$C21),3,LOWER($T$14)),IF($C$12=3,DATA!$AC:$AC,DATA!$AD:$AD)) -> 0.34939759 | U21: =IF($C$12<>3,IF($C$8=1,AND(MAX($D21,$L21,$T21,$AB21,$AJ21)=T21,T21<>0),AND(MAX($D$16:$D$22,$L$16:$L$22,$T$16:$T$22,$AB$16:$AB$22,$AJ$16:$AJ$22)=T21,T21<>0)),IF($C$8=1,AND(MIN($D21,$L21,$T21,$AB21,$AJ21)=T21,T21<>0),AND(MIN($D$16:$D$22,$L$16:$L$22,$T$16:$T$22,$AB$16:$AB$22,$AJ$16:$AJ$22)=T21,T21<>0))) -> FALSE | V21: =SUMIF(DATA!$A:$A,REPLACE($C21,FIND("%Z%",$C21),3,LOWER($T$14)),IF($C$12=3,DATA!$AD:$AD,DATA!$AE:$AE)) -> 0.32364565 | W21: =IF($C$12<>3,IF($C$8=1,AND(MAX($F21,$N21,$V21,$AD21,$AL21)=V21,V21<>0),AND(MAX($F$16:$F$22,$N$16:$N$22,$V$16:$V$22,$AD$16:$AD$22,$AL$16:$AL$16)=V21,V21<>0)),IF($C$8=1,AND(MIN($F21,$N21,$V21,$AD21,$AL21)=V21,V21<>0),AND(MIN($F$16:$F$22,$N$16:$N$22,$V$16:$V$22,$AD$16:$AD$22,$AL$16:$AL$16)=V21,V21<>0))) -> FALSE | X21: =SUMIF(DATA!$A:$A,REPLACE($C21,FIND("%Z%",$C21),3,LOWER($T$14)),IF($C$12=3,DATA!$AE:$AE,DATA!$AF:$AF)) -> 0.32290438 | Y21: =IF($C$8=1,AND(MAX($H21,$P21,$X21,$AF21,$AN21)=X21,X21<>0),AND(MAX($H$16:$H$22,$P$16:$P$22,$X$16:$X$22,$AF$16:$AF$22,$AN$16:$AN$22)=X21,X21<>0)) -> FALSE | Z21: =SUMIF(DATA!$A:$A,REPLACE($C21,FIND("%Z%",$C21),3,LOWER($T$14)),IF($C$12=3,DATA!$R:$R,DATA!$AH:$AH)) -> 0.32232724 | AA21: =IF($C$12<>3,IF($C$8=1,AND(MAX($J21,$R21,$Z21,$AH21,$AP21)=Z21,Z21<>0),AND(MAX($J$16:$J$22,$R$16:$R$22,$Z$16:$Z$22,$AH$16:$AH$22,$AP$16:$AP$22)=Z21,Z21<>0)), IF($C$8=1,AND(MIN($J21,$R21,$Z21,$AH21,$AP21)=Z21,Z21<>0),AND(MIN($J$16:$J$22,$R$16:$R$22,$Z$16:$Z$22,$AH$16:$AH$22,$AP$16:$AP$22)=Z21,Z21<>0))) -> FALSE | AB21: =SUMIF(DATA!$A:$A,REPLACE($C21,FIND("%Z%",$C21),3,LOWER($AB$14)),IF($C$12=3,DATA!$AC:$AC,DATA!$AD:$AD)) -> 0.34337349 | AC21: =IF($C$12<>3,IF($C$8=1,AND(MAX($D21,$L21,$T21,$AB21,$AJ21)=AB21,AB21<>0),AND(MAX($D$16:$D$22,$L$16:$L$22,$T$16:$T$22,$AB$16:$AB$22,$AJ$16:$AJ$22)=AB21,AB21<>0)),IF($C$8=1,AND(MIN($D21,$L21,$T21,$AB21,$AJ21)=AB21,AB21<>0),AND(MIN($D$16:$D$22,$L$16:$L$22,$T$16:$T$22,$AB$16:$AB$22,$AJ$16:$AJ$22)=AB21,AB21<>0))) -> FALSE | AD21: =SUMIF(DATA!$A:$A,REPLACE($C21,FIND("%Z%",$C21),3,LOWER($AB$14)),IF($C$12=3,DATA!$AD:$AD,DATA!$AE:$AE)) -> 0.34304477 | AE21: =IF($C$12<>3,IF($C$8=1,AND(MAX($F21,$N21,$V21,$AD21,$AL21)=AD21,AD21<>0),AND(MAX($F$16:$F$22,$N$16:$N$22,$V$16:$V$22,$AD$16:$AD$22,$AL$16:$AL$16)=AD21,AD21<>0)),IF($C$8=1,AND(MIN($F21,$N21,$V21,$AD21,$AL21)=AD21,AD21<>0),AND(MIN($F$16:$F$22,$N$16:$N$22,$V$16:$V$22,$AD$16:$AD$22,$AL$16:$AL$16)=AD21,AD21<>0))) -> FALSE | AF21: =SUMIF(DATA!$A:$A,REPLACE($C21,FIND("%Z%",$C21),3,LOWER($AB$14)),IF($C$12=3,DATA!$AE:$AE,DATA!$AF:$AF)) -> 0.33892754 | AG21: =IF($C$8=1,AND(MAX($H21,$P21,$X21,$AF21,$AN21)=AF21,AF21<>0),AND(MAX($H$16:$H$22,$P$16:$P$22,$X$16:$X$22,$AF$16:$AF$22,$AN$16:$AN$22)=AF21,AF21<>0)) -> FALSE | AH21: =SUMIF(DATA!$A:$A,REPLACE($C21,FIND("%Z%",$C21),3,LOWER($AB$14)),IF($C$12=3,DATA!$R:$R,DATA!$AH:$AH)) -> 0.33645561 | AI21: =IF($C$12<>3,IF($C$8=1,AND(MAX($J21,$R21,$Z21,$AH21,$AP21)=AH21,AH21<>0),AND(MAX($J$16:$J$22,$R$16:$R$22,$Z$16:$Z$22,$AH$16:$AH$22,$AP$16:$AP$22)=AH21,AH21<>0)), IF($C$8=1,AND(MIN($J21,$R21,$Z21,$AH21,$AP21)=AH21,AH21<>0),AND(MIN($J$16:$J$22,$R$16:$R$22,$Z$16:$Z$22,$AH$16:$AH$22,$AP$16:$AP$22)=AH21,AH21<>0))) -> FALSE | AJ21: =SUMIF(DATA!$A:$A,REPLACE($C21,FIND("%Z%",$C21),3,LOWER($AJ$14)),IF($C$12=3,DATA!$AC:$AC,DATA!$AD:$AD)) -> 0.31024096 | AK21: =IF($C$12<>3,IF($C$8=1,AND(MAX($D21,$L21,$T21,$AB21,$AJ21)=AJ21,AJ21<>0),AND(MAX($D$16:$D$22,$L$16:$L$22,$T$16:$T$22,$AB$16:$AB$22,$AJ$16:$AJ$22)=AJ21,AJ21<>0)),IF($C$8=1,AND(MIN($D21,$L21,$T21,$AB21,$AJ21)=AJ21,AJ21<>0),AND(MIN($D$16:$D$22,$L$16:$L$22,$T$16:$T$22,$AB$16:$AB$22,$AJ$16:$AJ$22)=AJ21,AJ21<>0))) -> FALSE | AL21: =SUMIF(DATA!$A:$A,REPLACE($C21,FIND("%Z%",$C21),3,LOWER($AJ$14)),IF($C$12=3,DATA!$AD:$AD,DATA!$AE:$AE)) -> 0.29151941 | AM21: =IF($C$12<>3,IF($C$8=1,AND(MAX($F21,$N21,$V21,$AD21,$AL21)=AL21,AL21<>0),AND(MAX($F$16:$F$22,$N$16:$N$22,$V$16:$V$22,$AD$16:$AD$22,$AL$16:$AL$16)=AL21,AL21<>0)),IF($C$8=1,AND(MIN($F21,$N21,$V21,$AD21,$AL21)=AL21,AL21<>0),AND(MIN($F$16:$F$22,$N$16:$N$22,$V$16:$V$22,$AD$16:$AD$22,$AL$16:$AL$16)=AL21,AL21<>0))) -> FALSE | AN21: =SUMIF(DATA!$A:$A,REPLACE($C21,FIND("%Z%",$C21),3,LOWER($AJ$14)),IF($C$12=3,DATA!$AE:$AE,DATA!$AF:$AF)) -> 0.29909004 | AO21: =IF($C$8=1,AND(MAX($H21,$P21,$X21,$AF21,$AN21)=AN21,AN21<>0),AND(MAX($H$16:$H$22,$P$16:$P$22,$X$16:$X$22,$AF$16:$AF$22,$AN$16:$AN$22)=AN21,AN21<>0)) -> FALSE | AP21: =SUMIF(DATA!$A:$A,REPLACE($C21,FIND("%Z%",$C21),3,LOWER($AJ$14)),IF($C$12=3,DATA!$R:$R,DATA!$AH:$AH)) -> 0.29304738 | AQ21: =IF($C$12<>3,IF($C$8=1,AND(MAX($J21,$R21,$Z21,$AH21,$AP21)=AP21,AP21<>0),AND(MAX($J$16:$J$22,$R$16:$R$22,$Z$16:$Z$22,$AH$16:$AH$22,$AP$16:$AP$22)=AP21,AP21<>0)), IF($C$8=1,AND(MIN($J21,$R21,$Z21,$AH21,$AP21)=AP21,AP21<>0),AND(MIN($J$16:$J$22,$R$16:$R$22,$Z$16:$Z$22,$AH$16:$AH$22,$AP$16:$AP$22)=AP21,AP21<>0))) -> FALSE
